time,distance,velocity,mach,height,target_drop,drop_adj,windage,windage_adj,look_distance,angle,density_factor,drag,energy,ogw,flag
0.000 s,0.0,900.0 km/h,0.73 mach,-50.0,-50.000 mm,0.0000 °,0.000 mm,0.0000 °,0.0 m,0.4942 °,2.173e-05,0.000,0 J,0.000 kg,RANGE
0.004 s,1.0,899.6 km/h,0.73 mach,-41.472,-41.472 mm,-2.3748 °,0.000 mm,0.0000 °,1.0 m,0.4852 °,2.173e-05,0.103,0 J,0.000 kg,RANGE
0.008 s,2.0,899.3 km/h,0.73 mach,-33.101,-33.101 mm,-0.9482 °,0.000 mm,0.0000 °,2.0 m,0.4762 °,2.173e-05,0.103,0 J,0.000 kg,RANGE
0.012 s,3.0,898.9 km/h,0.73 mach,-24.888,-24.888 mm,-0.4753 °,0.000 mm,0.0000 °,3.0 m,0.4672 °,2.173e-05,0.103,0 J,0.000 kg,RANGE
0.016 s,4.0,898.5 km/h,0.73 mach,-16.832,-16.832 mm,-0.2411 °,0.000 mm,0.0000 °,4.0 m,0.4582 °,2.173e-05,0.103,0 J,0.000 kg,RANGE
0.020 s,5.0,898.1 km/h,0.73 mach,-8.933,-8.933 mm,-0.1024 °,0.000 mm,0.0000 °,5.0 m,0.4492 °,2.173e-05,0.103,0 J,0.000 kg,RANGE
0.024 s,6.0,897.8 km/h,0.73 mach,-1.192,-1.192 mm,-0.0114 °,0.000 mm,0.0000 °,6.0 m,0.4401 °,2.173e-05,0.103,0 J,0.000 kg,ZERO_UP|RANGE
0.028 s,7.0,897.4 km/h,0.73 mach,6.392,6.392 mm,0.0523 °,0.000 mm,0.0000 °,7.0 m,0.4311 °,2.173e-05,0.103,0 J,0.000 kg,RANGE
0.032 s,8.0,897.0 km/h,0.73 mach,13.817,13.817 mm,0.0990 °,0.000 mm,0.0000 °,8.0 m,0.4221 °,2.173e-05,0.103,0 J,0.000 kg,RANGE
0.036 s,9.0,896.6 km/h,0.73 mach,21.085,21.085 mm,0.1342 °,0.000 mm,0.0000 °,9.0 m,0.4130 °,2.173e-05,0.103,0 J,0.000 kg,RANGE
0.040 s,10.0,896.3 km/h,0.73 mach,28.194,28.194 mm,0.1615 °,0.000 mm,0.0000 °,10.0 m,0.4039 °,2.173e-05,0.103,0 J,0.000 kg,RANGE
0.044 s,11.0,895.9 km/h,0.73 mach,35.145,35.145 mm,0.1831 °,0.000 mm,0.0000 °,11.0 m,0.3949 °,2.173e-05,0.103,0 J,0.000 kg,RANGE
0.048 s,12.0,895.5 km/h,0.73 mach,41.938,41.938 mm,0.2002 °,0.000 mm,0.0000 °,12.0 m,0.3858 °,2.173e-05,0.103,0 J,0.000 kg,RANGE
0.052 s,13.0,895.2 km/h,0.73 mach,48.572,48.572 mm,0.2141 °,0.000 mm,0.0000 °,13.0 m,0.3767 °,2.173e-05,0.103,0 J,0.000 kg,RANGE
0.056 s,14.0,894.8 km/h,0.73 mach,55.048,55.048 mm,0.2253 °,0.000 mm,0.0000 °,14.0 m,0.3676 °,2.173e-05,0.103,0 J,0.000 kg,RANGE
0.060 s,15.0,894.4 km/h,0.73 mach,61.365,61.365 mm,0.2344 °,0.000 mm,0.0000 °,15.0 m,0.3585 °,2.173e-05,0.103,0 J,0.000 kg,RANGE
0.064 s,16.0,894.0 km/h,0.73 mach,67.523,67.523 mm,0.2418 °,0.000 mm,0.0000 °,16.0 m,0.3494 °,2.173e-05,0.103,0 J,0.000 kg,RANGE
0.068 s,17.0,893.7 km/h,0.73 mach,73.522,73.522 mm,0.2478 °,0.000 mm,0.0000 °,17.0 m,0.3403 °,2.173e-05,0.103,0 J,0.000 kg,RANGE
0.072 s,18.0,893.3 km/h,0.73 mach,79.361,79.361 mm,0.2526 °,0.000 mm,0.0000 °,18.0 m,0.3312 °,2.173e-05,0.103,0 J,0.000 kg,RANGE
0.076 s,19.0,892.9 km/h,0.73 mach,85.042,85.042 mm,0.2564 °,0.000 mm,0.0000 °,19.0 m,0.3220 °,2.173e-05,0.103,0 J,0.000 kg,RANGE
0.080 s,20.0,892.6 km/h,0.73 mach,90.563,90.563 mm,0.2594 °,0.000 mm,0.0000 °,20.0 m,0.3129 °,2.173e-05,0.102,0 J,0.000 kg,RANGE
0.084 s,21.0,892.2 km/h,0.73 mach,95.924,95.924 mm,0.2617 °,0.000 mm,0.0000 °,21.0 m,0.3038 °,2.173e-05,0.102,0 J,0.000 kg,RANGE
0.088 s,22.0,891.8 km/h,0.73 mach,101.126,101.126 mm,0.2634 °,0.000 mm,0.0000 °,22.0 m,0.2946 °,2.173e-05,0.102,0 J,0.000 kg,RANGE
0.092 s,23.0,891.5 km/h,0.73 mach,106.168,106.168 mm,0.2645 °,0.000 mm,0.0000 °,23.0 m,0.2854 °,2.173e-05,0.102,0 J,0.000 kg,RANGE
0.096 s,24.0,891.1 km/h,0.73 mach,111.05,111.050 mm,0.2651 °,0.000 mm,0.0000 °,24.0 m,0.2763 °,2.173e-05,0.102,0 J,0.000 kg,RANGE
0.101 s,25.0,890.7 km/h,0.73 mach,115.771,115.771 mm,0.2653 °,0.000 mm,0.0000 °,25.0 m,0.2671 °,2.173e-05,0.102,0 J,0.000 kg,RANGE
0.105 s,26.0,890.4 km/h,0.73 mach,120.333,120.333 mm,0.2652 °,0.000 mm,0.0000 °,26.0 m,0.2579 °,2.173e-05,0.102,0 J,0.000 kg,RANGE
0.109 s,27.0,890.0 km/h,0.73 mach,124.734,124.734 mm,0.2647 °,0.000 mm,0.0000 °,27.0 m,0.2487 °,2.173e-05,0.102,0 J,0.000 kg,RANGE
0.113 s,28.0,889.6 km/h,0.73 mach,128.975,128.975 mm,0.2639 °,0.000 mm,0.0000 °,28.0 m,0.2395 °,2.173e-05,0.102,0 J,0.000 kg,RANGE
0.117 s,29.0,889.2 km/h,0.73 mach,133.055,133.055 mm,0.2629 °,0.000 mm,0.0000 °,29.0 m,0.2303 °,2.173e-05,0.102,0 J,0.000 kg,RANGE
0.121 s,30.0,888.9 km/h,0.73 mach,136.974,136.974 mm,0.2616 °,0.000 mm,0.0000 °,30.0 m,0.2211 °,2.173e-05,0.102,0 J,0.000 kg,RANGE
0.125 s,31.0,888.5 km/h,0.73 mach,140.733,140.733 mm,0.2601 °,0.000 mm,0.0000 °,31.0 m,0.2119 °,2.173e-05,0.102,0 J,0.000 kg,RANGE
0.129 s,32.0,888.1 km/h,0.72 mach,144.33,144.330 mm,0.2584 °,0.000 mm,0.0000 °,32.0 m,0.2027 °,2.173e-05,0.102,0 J,0.000 kg,RANGE
0.133 s,33.0,887.8 km/h,0.72 mach,147.766,147.766 mm,0.2566 °,0.000 mm,0.0000 °,33.0 m,0.1934 °,2.173e-05,0.102,0 J,0.000 kg,RANGE
0.137 s,34.0,887.4 km/h,0.72 mach,151.041,151.041 mm,0.2545 °,0.000 mm,0.0000 °,34.0 m,0.1842 °,2.173e-05,0.102,0 J,0.000 kg,RANGE
0.141 s,35.0,887.0 km/h,0.72 mach,154.155,154.155 mm,0.2524 °,0.000 mm,0.0000 °,35.0 m,0.1749 °,2.173e-05,0.102,0 J,0.000 kg,RANGE
0.145 s,36.0,886.7 km/h,0.72 mach,157.107,157.107 mm,0.2500 °,0.000 mm,0.0000 °,36.0 m,0.1657 °,2.173e-05,0.102,0 J,0.000 kg,RANGE
0.149 s,37.0,886.3 km/h,0.72 mach,159.897,159.897 mm,0.2476 °,0.000 mm,0.0000 °,37.0 m,0.1564 °,2.173e-05,0.102,0 J,0.000 kg,RANGE
0.153 s,38.0,885.9 km/h,0.72 mach,162.526,162.526 mm,0.2451 °,0.000 mm,0.0000 °,38.0 m,0.1471 °,2.173e-05,0.102,0 J,0.000 kg,RANGE
0.157 s,39.0,885.6 km/h,0.72 mach,164.992,164.992 mm,0.2424 °,0.000 mm,0.0000 °,39.0 m,0.1378 °,2.173e-05,0.102,0 J,0.000 kg,RANGE
0.161 s,40.0,885.2 km/h,0.72 mach,167.297,167.297 mm,0.2396 °,0.000 mm,0.0000 °,40.0 m,0.1285 °,2.173e-05,0.101,0 J,0.000 kg,RANGE
0.165 s,41.0,884.8 km/h,0.72 mach,169.439,169.439 mm,0.2368 °,0.000 mm,0.0000 °,41.0 m,0.1193 °,2.173e-05,0.101,0 J,0.000 kg,RANGE
0.169 s,42.0,884.5 km/h,0.72 mach,171.419,171.419 mm,0.2338 °,0.000 mm,0.0000 °,42.0 m,0.1099 °,2.173e-05,0.101,0 J,0.000 kg,RANGE
0.174 s,43.0,884.1 km/h,0.72 mach,173.236,173.236 mm,0.2308 °,0.000 mm,0.0000 °,43.0 m,0.1006 °,2.173e-05,0.101,0 J,0.000 kg,RANGE
0.178 s,44.0,883.7 km/h,0.72 mach,174.891,174.891 mm,0.2277 °,0.000 mm,0.0000 °,44.0 m,0.0913 °,2.173e-05,0.101,0 J,0.000 kg,RANGE
0.182 s,45.0,883.4 km/h,0.72 mach,176.382,176.382 mm,0.2246 °,0.000 mm,0.0000 °,45.0 m,0.0820 °,2.173e-05,0.101,0 J,0.000 kg,RANGE
0.186 s,46.0,883.0 km/h,0.72 mach,177.712,177.712 mm,0.2213 °,0.000 mm,0.0000 °,46.0 m,0.0726 °,2.173e-05,0.101,0 J,0.000 kg,RANGE
0.190 s,47.0,882.7 km/h,0.72 mach,178.878,178.878 mm,0.2181 °,0.000 mm,0.0000 °,47.0 m,0.0633 °,2.173e-05,0.101,0 J,0.000 kg,RANGE
0.194 s,48.0,882.3 km/h,0.72 mach,179.88,179.880 mm,0.2147 °,0.000 mm,0.0000 °,48.0 m,0.0540 °,2.173e-05,0.101,0 J,0.000 kg,RANGE
0.198 s,49.0,881.9 km/h,0.72 mach,180.72,180.720 mm,0.2113 °,0.000 mm,0.0000 °,49.0 m,0.0446 °,2.173e-05,0.101,0 J,0.000 kg,RANGE
0.202 s,50.0,881.6 km/h,0.72 mach,181.396,181.396 mm,0.2079 °,0.000 mm,0.0000 °,50.0 m,0.0352 °,2.173e-05,0.101,0 J,0.000 kg,RANGE
0.206 s,51.0,881.2 km/h,0.72 mach,181.908,181.908 mm,0.2044 °,0.000 mm,0.0000 °,51.0 m,0.0258 °,2.173e-05,0.101,0 J,0.000 kg,RANGE
0.210 s,52.0,880.8 km/h,0.72 mach,182.257,182.257 mm,0.2008 °,0.000 mm,0.0000 °,52.0 m,0.0165 °,2.173e-05,0.101,0 J,0.000 kg,RANGE
0.214 s,53.0,880.5 km/h,0.72 mach,182.442,182.442 mm,0.1972 °,0.000 mm,0.0000 °,53.0 m,0.0071 °,2.173e-05,0.101,0 J,0.000 kg,RANGE
0.218 s,54.0,880.1 km/h,0.72 mach,182.463,182.463 mm,0.1936 °,0.000 mm,0.0000 °,54.0 m,-0.0023 °,2.173e-05,0.101,0 J,0.000 kg,RANGE
0.223 s,55.0,879.7 km/h,0.72 mach,182.32,182.320 mm,0.1899 °,0.000 mm,0.0000 °,55.0 m,-0.0117 °,2.173e-05,0.101,0 J,0.000 kg,RANGE
0.227 s,56.0,879.4 km/h,0.72 mach,182.013,182.013 mm,0.1862 °,0.000 mm,0.0000 °,56.0 m,-0.0211 °,2.173e-05,0.101,0 J,0.000 kg,RANGE
0.231 s,57.0,879.0 km/h,0.72 mach,181.541,181.541 mm,0.1825 °,0.000 mm,0.0000 °,57.0 m,-0.0306 °,2.173e-05,0.101,0 J,0.000 kg,RANGE
0.235 s,58.0,878.7 km/h,0.72 mach,180.905,180.905 mm,0.1787 °,0.000 mm,0.0000 °,58.0 m,-0.0400 °,2.173e-05,0.101,0 J,0.000 kg,RANGE
0.239 s,59.0,878.3 km/h,0.72 mach,180.104,180.104 mm,0.1749 °,0.000 mm,0.0000 °,59.0 m,-0.0494 °,2.173e-05,0.101,0 J,0.000 kg,RANGE
0.243 s,60.0,877.9 km/h,0.72 mach,179.138,179.138 mm,0.1711 °,0.000 mm,0.0000 °,60.0 m,-0.0589 °,2.173e-05,0.101,0 J,0.000 kg,RANGE
0.247 s,61.0,877.6 km/h,0.72 mach,178.007,178.007 mm,0.1672 °,0.000 mm,0.0000 °,61.0 m,-0.0683 °,2.173e-05,0.100,0 J,0.000 kg,RANGE
0.251 s,62.0,877.2 km/h,0.72 mach,176.712,176.712 mm,0.1633 °,0.000 mm,0.0000 °,62.0 m,-0.0778 °,2.173e-05,0.100,0 J,0.000 kg,RANGE
0.255 s,63.0,876.9 km/h,0.72 mach,175.251,175.251 mm,0.1594 °,0.000 mm,0.0000 °,63.0 m,-0.0873 °,2.173e-05,0.100,0 J,0.000 kg,RANGE
0.259 s,64.0,876.5 km/h,0.72 mach,173.625,173.625 mm,0.1554 °,0.000 mm,0.0000 °,64.0 m,-0.0967 °,2.173e-05,0.100,0 J,0.000 kg,RANGE
0.264 s,65.0,876.1 km/h,0.72 mach,171.833,171.833 mm,0.1515 °,0.000 mm,0.0000 °,65.0 m,-0.1062 °,2.173e-05,0.100,0 J,0.000 kg,RANGE
0.268 s,66.0,875.8 km/h,0.71 mach,169.876,169.876 mm,0.1475 °,0.000 mm,0.0000 °,66.0 m,-0.1157 °,2.173e-05,0.100,0 J,0.000 kg,RANGE
0.272 s,67.0,875.4 km/h,0.71 mach,167.752,167.752 mm,0.1435 °,0.000 mm,0.0000 °,67.0 m,-0.1252 °,2.173e-05,0.100,0 J,0.000 kg,RANGE
0.276 s,68.0,875.0 km/h,0.71 mach,165.464,165.464 mm,0.1394 °,0.000 mm,0.0000 °,68.0 m,-0.1347 °,2.173e-05,0.100,0 J,0.000 kg,RANGE
0.280 s,69.0,874.7 km/h,0.71 mach,163.009,163.009 mm,0.1354 °,0.000 mm,0.0000 °,69.0 m,-0.1442 °,2.173e-05,0.100,0 J,0.000 kg,RANGE
0.284 s,70.0,874.3 km/h,0.71 mach,160.387,160.387 mm,0.1313 °,0.000 mm,0.0000 °,70.0 m,-0.1538 °,2.173e-05,0.100,0 J,0.000 kg,RANGE
0.288 s,71.0,874.0 km/h,0.71 mach,157.6,157.600 mm,0.1272 °,0.000 mm,0.0000 °,71.0 m,-0.1633 °,2.173e-05,0.100,0 J,0.000 kg,RANGE
0.292 s,72.0,873.6 km/h,0.71 mach,154.646,154.646 mm,0.1231 °,0.000 mm,0.0000 °,72.0 m,-0.1728 °,2.173e-05,0.100,0 J,0.000 kg,RANGE
0.296 s,73.0,873.2 km/h,0.71 mach,151.526,151.526 mm,0.1189 °,0.000 mm,0.0000 °,73.0 m,-0.1824 °,2.173e-05,0.100,0 J,0.000 kg,RANGE
0.301 s,74.0,872.9 km/h,0.71 mach,148.239,148.239 mm,0.1148 °,0.000 mm,0.0000 °,74.0 m,-0.1919 °,2.173e-05,0.100,0 J,0.000 kg,RANGE
0.305 s,75.0,872.5 km/h,0.71 mach,144.785,144.785 mm,0.1106 °,0.000 mm,0.0000 °,75.0 m,-0.2015 °,2.173e-05,0.100,0 J,0.000 kg,RANGE
0.309 s,76.0,872.2 km/h,0.71 mach,141.164,141.164 mm,0.1064 °,0.000 mm,0.0000 °,76.0 m,-0.2111 °,2.173e-05,0.100,0 J,0.000 kg,RANGE
0.313 s,77.0,871.8 km/h,0.71 mach,137.376,137.376 mm,0.1022 °,0.000 mm,0.0000 °,77.0 m,-0.2206 °,2.173e-05,0.100,0 J,0.000 kg,RANGE
0.317 s,78.0,871.5 km/h,0.71 mach,133.42,133.420 mm,0.0980 °,0.000 mm,0.0000 °,78.0 m,-0.2302 °,2.173e-05,0.100,0 J,0.000 kg,RANGE
0.321 s,79.0,871.1 km/h,0.71 mach,129.298,129.298 mm,0.0938 °,0.000 mm,0.0000 °,79.0 m,-0.2398 °,2.173e-05,0.100,0 J,0.000 kg,RANGE
0.325 s,80.0,870.7 km/h,0.71 mach,125.008,125.008 mm,0.0895 °,0.000 mm,0.0000 °,80.0 m,-0.2494 °,2.173e-05,0.100,0 J,0.000 kg,RANGE
0.330 s,81.0,870.4 km/h,0.71 mach,120.55,120.550 mm,0.0853 °,0.000 mm,0.0000 °,81.0 m,-0.2590 °,2.173e-05,0.100,0 J,0.000 kg,RANGE
0.334 s,82.0,870.0 km/h,0.71 mach,115.924,115.924 mm,0.0810 °,0.000 mm,0.0000 °,82.0 m,-0.2686 °,2.173e-05,0.100,0 J,0.000 kg,RANGE
0.338 s,83.0,869.7 km/h,0.71 mach,111.13,111.130 mm,0.0767 °,0.000 mm,0.0000 °,83.0 m,-0.2783 °,2.173e-05,0.099,0 J,0.000 kg,RANGE
0.342 s,84.0,869.3 km/h,0.71 mach,106.169,106.169 mm,0.0724 °,0.000 mm,0.0000 °,84.0 m,-0.2879 °,2.173e-05,0.099,0 J,0.000 kg,RANGE
0.346 s,85.0,868.9 km/h,0.71 mach,101.039,101.039 mm,0.0681 °,0.000 mm,0.0000 °,85.0 m,-0.2975 °,2.173e-05,0.099,0 J,0.000 kg,RANGE
0.350 s,86.0,868.6 km/h,0.71 mach,95.74,95.740 mm,0.0638 °,0.000 mm,0.0000 °,86.0 m,-0.3072 °,2.173e-05,0.099,0 J,0.000 kg,RANGE
0.354 s,87.0,868.2 km/h,0.71 mach,90.274,90.274 mm,0.0595 °,0.000 mm,0.0000 °,87.0 m,-0.3168 °,2.173e-05,0.099,0 J,0.000 kg,RANGE
0.359 s,88.0,867.9 km/h,0.71 mach,84.638,84.638 mm,0.0551 °,0.000 mm,0.0000 °,88.0 m,-0.3265 °,2.173e-05,0.099,0 J,0.000 kg,RANGE
0.363 s,89.0,867.5 km/h,0.71 mach,78.834,78.834 mm,0.0508 °,0.000 mm,0.0000 °,89.0 m,-0.3362 °,2.173e-05,0.099,0 J,0.000 kg,RANGE
0.367 s,90.0,867.2 km/h,0.71 mach,72.861,72.861 mm,0.0464 °,0.000 mm,0.0000 °,90.0 m,-0.3459 °,2.173e-05,0.099,0 J,0.000 kg,RANGE
0.371 s,91.0,866.8 km/h,0.71 mach,66.719,66.719 mm,0.0420 °,0.000 mm,0.0000 °,91.0 m,-0.3556 °,2.173e-05,0.099,0 J,0.000 kg,RANGE
0.375 s,92.0,866.5 km/h,0.71 mach,60.407,60.407 mm,0.0376 °,0.000 mm,0.0000 °,92.0 m,-0.3652 °,2.173e-05,0.099,0 J,0.000 kg,RANGE
0.379 s,93.0,866.1 km/h,0.71 mach,53.927,53.927 mm,0.0332 °,0.000 mm,0.0000 °,93.0 m,-0.3750 °,2.173e-05,0.099,0 J,0.000 kg,RANGE
0.383 s,94.0,865.7 km/h,0.71 mach,47.276,47.276 mm,0.0288 °,0.000 mm,0.0000 °,94.0 m,-0.3847 °,2.173e-05,0.099,0 J,0.000 kg,RANGE
0.388 s,95.0,865.4 km/h,0.71 mach,40.457,40.457 mm,0.0244 °,0.000 mm,0.0000 °,95.0 m,-0.3944 °,2.173e-05,0.099,0 J,0.000 kg,RANGE
0.392 s,96.0,865.0 km/h,0.71 mach,33.467,33.467 mm,0.0200 °,0.000 mm,0.0000 °,96.0 m,-0.4041 °,2.173e-05,0.099,0 J,0.000 kg,RANGE
0.396 s,97.0,864.7 km/h,0.71 mach,26.308,26.308 mm,0.0155 °,0.000 mm,0.0000 °,97.0 m,-0.4139 °,2.173e-05,0.099,0 J,0.000 kg,RANGE
0.400 s,98.0,864.3 km/h,0.71 mach,18.978,18.978 mm,0.0111 °,0.000 mm,0.0000 °,98.0 m,-0.4236 °,2.173e-05,0.099,0 J,0.000 kg,RANGE
0.404 s,99.0,864.0 km/h,0.71 mach,11.478,11.478 mm,0.0066 °,0.000 mm,0.0000 °,99.0 m,-0.4333 °,2.173e-05,0.099,0 J,0.000 kg,RANGE
0.408 s,100.0,863.6 km/h,0.70 mach,3.809,3.809 mm,0.0022 °,0.000 mm,0.0000 °,100.0 m,-0.4431 °,2.173e-05,0.099,0 J,0.000 kg,RANGE
0.411 s,100.7,863.4 km/h,0.70 mach,-1.965,-1.965 mm,-0.0011 °,0.000 mm,0.0000 °,100.7 m,-0.4503 °,2.173e-05,0.099,0 J,0.000 kg,ZERO_DOWN
0.413 s,101.0,863.3 km/h,0.70 mach,-4.032,-4.032 mm,-0.0023 °,0.000 mm,0.0000 °,101.0 m,-0.4529 °,2.173e-05,0.099,0 J,0.000 kg,RANGE
0.417 s,102.0,862.9 km/h,0.70 mach,-12.043,-12.043 mm,-0.0068 °,0.000 mm,0.0000 °,102.0 m,-0.4627 °,2.173e-05,0.099,0 J,0.000 kg,RANGE
0.421 s,103.0,862.6 km/h,0.70 mach,-20.225,-20.225 mm,-0.0113 °,0.000 mm,0.0000 °,103.0 m,-0.4724 °,2.173e-05,0.099,0 J,0.000 kg,RANGE
0.425 s,104.0,862.2 km/h,0.70 mach,-28.577,-28.577 mm,-0.0157 °,0.000 mm,0.0000 °,104.0 m,-0.4822 °,2.173e-05,0.099,0 J,0.000 kg,RANGE
0.429 s,105.0,861.8 km/h,0.70 mach,-37.101,-37.101 mm,-0.0202 °,0.000 mm,0.0000 °,105.0 m,-0.4920 °,2.173e-05,0.098,0 J,0.000 kg,RANGE
0.433 s,106.0,861.5 km/h,0.70 mach,-45.796,-45.796 mm,-0.0248 °,0.000 mm,0.0000 °,106.0 m,-0.5018 °,2.173e-05,0.098,0 J,0.000 kg,RANGE
0.438 s,107.0,861.1 km/h,0.70 mach,-54.662,-54.662 mm,-0.0293 °,0.000 mm,0.0000 °,107.0 m,-0.5117 °,2.173e-05,0.098,0 J,0.000 kg,RANGE
0.442 s,108.0,860.8 km/h,0.70 mach,-63.699,-63.699 mm,-0.0338 °,0.000 mm,0.0000 °,108.0 m,-0.5215 °,2.173e-05,0.098,0 J,0.000 kg,RANGE
0.446 s,109.0,860.4 km/h,0.70 mach,-72.908,-72.908 mm,-0.0383 °,0.000 mm,0.0000 °,109.0 m,-0.5313 °,2.173e-05,0.098,0 J,0.000 kg,RANGE
0.450 s,110.0,860.1 km/h,0.70 mach,-82.289,-82.289 mm,-0.0429 °,0.000 mm,0.0000 °,110.0 m,-0.5412 °,2.173e-05,0.098,0 J,0.000 kg,RANGE
0.454 s,111.0,859.7 km/h,0.70 mach,-91.842,-91.842 mm,-0.0474 °,0.000 mm,0.0000 °,111.0 m,-0.5510 °,2.173e-05,0.098,0 J,0.000 kg,RANGE
0.459 s,112.0,859.4 km/h,0.70 mach,-101.566,-101.566 mm,-0.0520 °,0.000 mm,0.0000 °,112.0 m,-0.5609 °,2.173e-05,0.098,0 J,0.000 kg,RANGE
0.463 s,113.0,859.0 km/h,0.70 mach,-111.463,-111.463 mm,-0.0565 °,0.000 mm,0.0000 °,113.0 m,-0.5707 °,2.173e-05,0.098,0 J,0.000 kg,RANGE
0.467 s,114.0,858.7 km/h,0.70 mach,-121.532,-121.532 mm,-0.0611 °,0.000 mm,0.0000 °,114.0 m,-0.5806 °,2.173e-05,0.098,0 J,0.000 kg,RANGE
0.471 s,115.0,858.3 km/h,0.70 mach,-131.774,-131.774 mm,-0.0657 °,0.000 mm,0.0000 °,115.0 m,-0.5905 °,2.173e-05,0.098,0 J,0.000 kg,RANGE
0.475 s,116.0,858.0 km/h,0.70 mach,-142.188,-142.188 mm,-0.0702 °,0.000 mm,0.0000 °,116.0 m,-0.6004 °,2.173e-05,0.098,0 J,0.000 kg,RANGE
0.480 s,117.0,857.6 km/h,0.70 mach,-152.775,-152.775 mm,-0.0748 °,0.000 mm,0.0000 °,117.0 m,-0.6103 °,2.173e-05,0.098,0 J,0.000 kg,RANGE
0.484 s,118.0,857.3 km/h,0.70 mach,-163.535,-163.535 mm,-0.0794 °,0.000 mm,0.0000 °,118.0 m,-0.6202 °,2.173e-05,0.098,0 J,0.000 kg,RANGE
0.488 s,119.0,856.9 km/h,0.70 mach,-174.467,-174.467 mm,-0.0840 °,0.000 mm,0.0000 °,119.0 m,-0.6301 °,2.173e-05,0.098,0 J,0.000 kg,RANGE
0.492 s,120.0,856.6 km/h,0.70 mach,-185.573,-185.573 mm,-0.0886 °,0.000 mm,0.0000 °,120.0 m,-0.6400 °,2.173e-05,0.098,0 J,0.000 kg,RANGE
0.496 s,121.0,856.2 km/h,0.70 mach,-196.852,-196.852 mm,-0.0932 °,0.000 mm,0.0000 °,121.0 m,-0.6499 °,2.173e-05,0.098,0 J,0.000 kg,RANGE
0.501 s,122.0,855.9 km/h,0.70 mach,-208.305,-208.305 mm,-0.0978 °,0.000 mm,0.0000 °,122.0 m,-0.6599 °,2.173e-05,0.098,0 J,0.000 kg,RANGE
0.505 s,123.0,855.5 km/h,0.70 mach,-219.931,-219.931 mm,-0.1024 °,0.000 mm,0.0000 °,123.0 m,-0.6698 °,2.173e-05,0.098,0 J,0.000 kg,RANGE
0.509 s,124.0,855.2 km/h,0.70 mach,-231.73,-231.730 mm,-0.1071 °,0.000 mm,0.0000 °,124.0 m,-0.6798 °,2.173e-05,0.098,0 J,0.000 kg,RANGE
0.513 s,125.0,854.8 km/h,0.70 mach,-243.704,-243.704 mm,-0.1117 °,0.000 mm,0.0000 °,125.0 m,-0.6897 °,2.173e-05,0.098,0 J,0.000 kg,RANGE
0.517 s,126.0,854.5 km/h,0.70 mach,-255.852,-255.852 mm,-0.1163 °,0.000 mm,0.0000 °,126.0 m,-0.6997 °,2.173e-05,0.098,0 J,0.000 kg,RANGE
0.522 s,127.0,854.1 km/h,0.70 mach,-268.173,-268.173 mm,-0.1210 °,0.000 mm,0.0000 °,127.0 m,-0.7097 °,2.173e-05,0.098,0 J,0.000 kg,RANGE
0.526 s,128.0,853.8 km/h,0.70 mach,-280.669,-280.669 mm,-0.1256 °,0.000 mm,0.0000 °,128.0 m,-0.7197 °,2.173e-05,0.097,0 J,0.000 kg,RANGE
0.530 s,129.0,853.4 km/h,0.70 mach,-293.34,-293.340 mm,-0.1303 °,0.000 mm,0.0000 °,129.0 m,-0.7297 °,2.173e-05,0.097,0 J,0.000 kg,RANGE
0.534 s,130.0,853.1 km/h,0.70 mach,-306.185,-306.185 mm,-0.1349 °,0.000 mm,0.0000 °,130.0 m,-0.7397 °,2.173e-05,0.097,0 J,0.000 kg,RANGE
0.538 s,131.0,852.7 km/h,0.70 mach,-319.205,-319.205 mm,-0.1396 °,0.000 mm,0.0000 °,131.0 m,-0.7497 °,2.173e-05,0.097,0 J,0.000 kg,RANGE
0.543 s,132.0,852.4 km/h,0.70 mach,-332.399,-332.399 mm,-0.1443 °,0.000 mm,0.0000 °,132.0 m,-0.7597 °,2.173e-05,0.097,0 J,0.000 kg,RANGE
0.547 s,133.0,852.0 km/h,0.70 mach,-345.769,-345.769 mm,-0.1490 °,0.000 mm,0.0000 °,133.0 m,-0.7697 °,2.173e-05,0.097,0 J,0.000 kg,RANGE
0.551 s,134.0,851.7 km/h,0.70 mach,-359.314,-359.314 mm,-0.1536 °,0.000 mm,0.0000 °,134.0 m,-0.7798 °,2.173e-05,0.097,0 J,0.000 kg,RANGE
0.555 s,135.0,851.3 km/h,0.69 mach,-373.034,-373.034 mm,-0.1583 °,0.000 mm,0.0000 °,135.0 m,-0.7898 °,2.173e-05,0.097,0 J,0.000 kg,RANGE
0.560 s,136.0,851.0 km/h,0.69 mach,-386.929,-386.929 mm,-0.1630 °,0.000 mm,0.0000 °,136.0 m,-0.7999 °,2.173e-05,0.097,0 J,0.000 kg,RANGE
0.564 s,137.0,850.6 km/h,0.69 mach,-401.0,-401.000 mm,-0.1677 °,0.000 mm,0.0000 °,137.0 m,-0.8099 °,2.173e-05,0.097,0 J,0.000 kg,RANGE
0.568 s,138.0,850.3 km/h,0.69 mach,-415.247,-415.247 mm,-0.1724 °,0.000 mm,0.0000 °,138.0 m,-0.8200 °,2.173e-05,0.097,0 J,0.000 kg,RANGE
0.572 s,139.0,849.9 km/h,0.69 mach,-429.67,-429.670 mm,-0.1771 °,0.000 mm,0.0000 °,139.0 m,-0.8301 °,2.173e-05,0.097,0 J,0.000 kg,RANGE
0.577 s,140.0,849.6 km/h,0.69 mach,-444.268,-444.268 mm,-0.1818 °,0.000 mm,0.0000 °,140.0 m,-0.8402 °,2.173e-05,0.097,0 J,0.000 kg,RANGE
0.581 s,141.0,849.2 km/h,0.69 mach,-459.043,-459.043 mm,-0.1865 °,0.000 mm,0.0000 °,141.0 m,-0.8503 °,2.173e-05,0.097,0 J,0.000 kg,RANGE
0.585 s,142.0,848.9 km/h,0.69 mach,-473.994,-473.994 mm,-0.1913 °,0.000 mm,0.0000 °,142.0 m,-0.8604 °,2.173e-05,0.097,0 J,0.000 kg,RANGE
0.589 s,143.0,848.5 km/h,0.69 mach,-489.122,-489.122 mm,-0.1960 °,0.000 mm,0.0000 °,143.0 m,-0.8705 °,2.173e-05,0.097,0 J,0.000 kg,RANGE
0.594 s,144.0,848.2 km/h,0.69 mach,-504.426,-504.426 mm,-0.2007 °,0.000 mm,0.0000 °,144.0 m,-0.8806 °,2.173e-05,0.097,0 J,0.000 kg,RANGE
0.598 s,145.0,847.9 km/h,0.69 mach,-519.907,-519.907 mm,-0.2054 °,0.000 mm,0.0000 °,145.0 m,-0.8907 °,2.173e-05,0.097,0 J,0.000 kg,RANGE
0.602 s,146.0,847.5 km/h,0.69 mach,-535.564,-535.564 mm,-0.2102 °,0.000 mm,0.0000 °,146.0 m,-0.9009 °,2.173e-05,0.097,0 J,0.000 kg,RANGE
0.606 s,147.0,847.2 km/h,0.69 mach,-551.399,-551.399 mm,-0.2149 °,0.000 mm,0.0000 °,147.0 m,-0.9110 °,2.173e-05,0.097,0 J,0.000 kg,RANGE
0.611 s,148.0,846.8 km/h,0.69 mach,-567.411,-567.411 mm,-0.2197 °,0.000 mm,0.0000 °,148.0 m,-0.9211 °,2.173e-05,0.097,0 J,0.000 kg,RANGE
0.615 s,149.0,846.5 km/h,0.69 mach,-583.6,-583.600 mm,-0.2244 °,0.000 mm,0.0000 °,149.0 m,-0.9313 °,2.173e-05,0.097,0 J,0.000 kg,RANGE
0.619 s,150.0,846.1 km/h,0.69 mach,-599.967,-599.967 mm,-0.2292 °,0.000 mm,0.0000 °,150.0 m,-0.9415 °,2.173e-05,0.097,0 J,0.000 kg,RANGE
0.623 s,151.0,845.8 km/h,0.69 mach,-616.511,-616.511 mm,-0.2339 °,0.000 mm,0.0000 °,151.0 m,-0.9516 °,2.173e-05,0.096,0 J,0.000 kg,RANGE
0.628 s,152.0,845.4 km/h,0.69 mach,-633.233,-633.233 mm,-0.2387 °,0.000 mm,0.0000 °,152.0 m,-0.9618 °,2.173e-05,0.096,0 J,0.000 kg,RANGE
0.632 s,153.0,845.1 km/h,0.69 mach,-650.133,-650.133 mm,-0.2435 °,0.000 mm,0.0000 °,153.0 m,-0.9720 °,2.173e-05,0.096,0 J,0.000 kg,RANGE
0.636 s,154.0,844.7 km/h,0.69 mach,-667.211,-667.211 mm,-0.2482 °,0.000 mm,0.0000 °,154.0 m,-0.9822 °,2.173e-05,0.096,0 J,0.000 kg,RANGE
0.640 s,155.0,844.4 km/h,0.69 mach,-684.468,-684.468 mm,-0.2530 °,0.000 mm,0.0000 °,155.0 m,-0.9924 °,2.173e-05,0.096,0 J,0.000 kg,RANGE
0.645 s,156.0,844.1 km/h,0.69 mach,-701.902,-701.902 mm,-0.2578 °,0.000 mm,0.0000 °,156.0 m,-1.0027 °,2.173e-05,0.096,0 J,0.000 kg,RANGE
0.649 s,157.0,843.7 km/h,0.69 mach,-719.515,-719.515 mm,-0.2626 °,0.000 mm,0.0000 °,157.0 m,-1.0129 °,2.173e-05,0.096,0 J,0.000 kg,RANGE
0.653 s,158.0,843.4 km/h,0.69 mach,-737.307,-737.307 mm,-0.2674 °,0.000 mm,0.0000 °,158.0 m,-1.0231 °,2.173e-05,0.096,0 J,0.000 kg,RANGE
0.657 s,159.0,843.0 km/h,0.69 mach,-755.277,-755.277 mm,-0.2722 °,0.000 mm,0.0000 °,159.0 m,-1.0334 °,2.173e-05,0.096,0 J,0.000 kg,RANGE
0.662 s,160.0,842.7 km/h,0.69 mach,-773.427,-773.427 mm,-0.2770 °,0.000 mm,0.0000 °,160.0 m,-1.0436 °,2.173e-05,0.096,0 J,0.000 kg,RANGE
0.666 s,161.0,842.3 km/h,0.69 mach,-791.755,-791.755 mm,-0.2818 °,0.000 mm,0.0000 °,161.0 m,-1.0539 °,2.173e-05,0.096,0 J,0.000 kg,RANGE
0.670 s,162.0,842.0 km/h,0.69 mach,-810.263,-810.263 mm,-0.2866 °,0.000 mm,0.0000 °,162.0 m,-1.0641 °,2.173e-05,0.096,0 J,0.000 kg,RANGE
0.674 s,163.0,841.7 km/h,0.69 mach,-828.95,-828.950 mm,-0.2914 °,0.000 mm,0.0000 °,163.0 m,-1.0744 °,2.173e-05,0.096,0 J,0.000 kg,RANGE
0.679 s,164.0,841.3 km/h,0.69 mach,-847.816,-847.816 mm,-0.2962 °,0.000 mm,0.0000 °,164.0 m,-1.0847 °,2.173e-05,0.096,0 J,0.000 kg,RANGE
0.683 s,165.0,841.0 km/h,0.69 mach,-866.863,-866.863 mm,-0.3010 °,0.000 mm,0.0000 °,165.0 m,-1.0950 °,2.173e-05,0.096,0 J,0.000 kg,RANGE
0.687 s,166.0,840.6 km/h,0.69 mach,-886.089,-886.089 mm,-0.3058 °,0.000 mm,0.0000 °,166.0 m,-1.1053 °,2.173e-05,0.096,0 J,0.000 kg,RANGE
0.692 s,167.0,840.3 km/h,0.69 mach,-905.494,-905.494 mm,-0.3107 °,0.000 mm,0.0000 °,167.0 m,-1.1156 °,2.173e-05,0.096,0 J,0.000 kg,RANGE
0.696 s,168.0,839.9 km/h,0.69 mach,-925.081,-925.081 mm,-0.3155 °,0.000 mm,0.0000 °,168.0 m,-1.1259 °,2.173e-05,0.096,0 J,0.000 kg,RANGE
0.700 s,169.0,839.6 km/h,0.69 mach,-944.847,-944.847 mm,-0.3203 °,0.000 mm,0.0000 °,169.0 m,-1.1363 °,2.173e-05,0.096,0 J,0.000 kg,RANGE
0.704 s,170.0,839.3 km/h,0.69 mach,-964.794,-964.794 mm,-0.3252 °,0.000 mm,0.0000 °,170.0 m,-1.1466 °,2.173e-05,0.096,0 J,0.000 kg,RANGE
0.709 s,171.0,838.9 km/h,0.68 mach,-984.921,-984.921 mm,-0.3300 °,0.000 mm,0.0000 °,171.0 m,-1.1569 °,2.173e-05,0.096,0 J,0.000 kg,RANGE
0.713 s,172.0,838.6 km/h,0.68 mach,-1005.229,-1005.229 mm,-0.3349 °,0.000 mm,0.0000 °,172.0 m,-1.1673 °,2.173e-05,0.096,0 J,0.000 kg,RANGE
0.717 s,173.0,838.2 km/h,0.68 mach,-1025.718,-1025.718 mm,-0.3397 °,0.000 mm,0.0000 °,173.0 m,-1.1776 °,2.173e-05,0.096,0 J,0.000 kg,RANGE
0.722 s,174.0,837.9 km/h,0.68 mach,-1046.388,-1046.388 mm,-0.3446 °,0.000 mm,0.0000 °,174.0 m,-1.1880 °,2.173e-05,0.096,0 J,0.000 kg,RANGE
0.726 s,175.0,837.6 km/h,0.68 mach,-1067.238,-1067.238 mm,-0.3494 °,0.000 mm,0.0000 °,175.0 m,-1.1984 °,2.173e-05,0.095,0 J,0.000 kg,RANGE
0.730 s,176.0,837.2 km/h,0.68 mach,-1088.271,-1088.271 mm,-0.3543 °,0.000 mm,0.0000 °,176.0 m,-1.2088 °,2.173e-05,0.095,0 J,0.000 kg,RANGE
0.735 s,177.0,836.9 km/h,0.68 mach,-1109.484,-1109.484 mm,-0.3591 °,0.000 mm,0.0000 °,177.0 m,-1.2192 °,2.173e-05,0.095,0 J,0.000 kg,RANGE
0.739 s,178.0,836.5 km/h,0.68 mach,-1130.88,-1130.880 mm,-0.3640 °,0.000 mm,0.0000 °,178.0 m,-1.2296 °,2.173e-05,0.095,0 J,0.000 kg,RANGE
0.743 s,179.0,836.2 km/h,0.68 mach,-1152.457,-1152.457 mm,-0.3689 °,0.000 mm,0.0000 °,179.0 m,-1.2400 °,2.173e-05,0.095,0 J,0.000 kg,RANGE
0.747 s,180.0,835.9 km/h,0.68 mach,-1174.216,-1174.216 mm,-0.3738 °,0.000 mm,0.0000 °,180.0 m,-1.2504 °,2.173e-05,0.095,0 J,0.000 kg,RANGE
0.752 s,181.0,835.5 km/h,0.68 mach,-1196.157,-1196.157 mm,-0.3786 °,0.000 mm,0.0000 °,181.0 m,-1.2608 °,2.173e-05,0.095,0 J,0.000 kg,RANGE
0.756 s,182.0,835.2 km/h,0.68 mach,-1218.28,-1218.280 mm,-0.3835 °,0.000 mm,0.0000 °,182.0 m,-1.2713 °,2.173e-05,0.095,0 J,0.000 kg,RANGE
0.760 s,183.0,834.8 km/h,0.68 mach,-1240.585,-1240.585 mm,-0.3884 °,0.000 mm,0.0000 °,183.0 m,-1.2817 °,2.173e-05,0.095,0 J,0.000 kg,RANGE
0.765 s,184.0,834.5 km/h,0.68 mach,-1263.073,-1263.073 mm,-0.3933 °,0.000 mm,0.0000 °,184.0 m,-1.2922 °,2.173e-05,0.095,0 J,0.000 kg,RANGE
0.769 s,185.0,834.2 km/h,0.68 mach,-1285.744,-1285.744 mm,-0.3982 °,0.000 mm,0.0000 °,185.0 m,-1.3026 °,2.173e-05,0.095,0 J,0.000 kg,RANGE
0.773 s,186.0,833.8 km/h,0.68 mach,-1308.597,-1308.597 mm,-0.4031 °,0.000 mm,0.0000 °,186.0 m,-1.3131 °,2.173e-05,0.095,0 J,0.000 kg,RANGE
0.778 s,187.0,833.5 km/h,0.68 mach,-1331.634,-1331.634 mm,-0.4080 °,0.000 mm,0.0000 °,187.0 m,-1.3236 °,2.173e-05,0.095,0 J,0.000 kg,RANGE
0.782 s,188.0,833.1 km/h,0.68 mach,-1354.853,-1354.853 mm,-0.4129 °,0.000 mm,0.0000 °,188.0 m,-1.3341 °,2.173e-05,0.095,0 J,0.000 kg,RANGE
0.786 s,189.0,832.8 km/h,0.68 mach,-1378.256,-1378.256 mm,-0.4178 °,0.000 mm,0.0000 °,189.0 m,-1.3446 °,2.173e-05,0.095,0 J,0.000 kg,RANGE
0.791 s,190.0,832.5 km/h,0.68 mach,-1401.842,-1401.842 mm,-0.4227 °,0.000 mm,0.0000 °,190.0 m,-1.3551 °,2.173e-05,0.095,0 J,0.000 kg,RANGE
0.795 s,191.0,832.1 km/h,0.68 mach,-1425.611,-1425.611 mm,-0.4276 °,0.000 mm,0.0000 °,191.0 m,-1.3656 °,2.173e-05,0.095,0 J,0.000 kg,RANGE
0.799 s,192.0,831.8 km/h,0.68 mach,-1449.564,-1449.564 mm,-0.4326 °,0.000 mm,0.0000 °,192.0 m,-1.3761 °,2.173e-05,0.095,0 J,0.000 kg,RANGE
0.804 s,193.0,831.4 km/h,0.68 mach,-1473.702,-1473.702 mm,-0.4375 °,0.000 mm,0.0000 °,193.0 m,-1.3866 °,2.173e-05,0.095,0 J,0.000 kg,RANGE
0.808 s,194.0,831.1 km/h,0.68 mach,-1498.023,-1498.023 mm,-0.4424 °,0.000 mm,0.0000 °,194.0 m,-1.3972 °,2.173e-05,0.095,0 J,0.000 kg,RANGE
0.812 s,195.0,830.8 km/h,0.68 mach,-1522.528,-1522.528 mm,-0.4473 °,0.000 mm,0.0000 °,195.0 m,-1.4077 °,2.173e-05,0.095,0 J,0.000 kg,RANGE
0.817 s,196.0,830.4 km/h,0.68 mach,-1547.217,-1547.217 mm,-0.4523 °,0.000 mm,0.0000 °,196.0 m,-1.4183 °,2.173e-05,0.095,0 J,0.000 kg,RANGE
0.821 s,197.0,830.1 km/h,0.68 mach,-1572.091,-1572.091 mm,-0.4572 °,0.000 mm,0.0000 °,197.0 m,-1.4288 °,2.173e-05,0.095,0 J,0.000 kg,RANGE
0.825 s,198.0,829.8 km/h,0.68 mach,-1597.15,-1597.150 mm,-0.4622 °,0.000 mm,0.0000 °,198.0 m,-1.4394 °,2.173e-05,0.095,0 J,0.000 kg,RANGE
0.830 s,199.0,829.4 km/h,0.68 mach,-1622.393,-1622.393 mm,-0.4671 °,0.000 mm,0.0000 °,199.0 m,-1.4500 °,2.173e-05,0.095,0 J,0.000 kg,RANGE
0.834 s,200.0,829.1 km/h,0.68 mach,-1647.822,-1647.822 mm,-0.4721 °,0.000 mm,0.0000 °,200.0 m,-1.4606 °,2.173e-05,0.094,0 J,0.000 kg,RANGE
0.838 s,201.0,828.8 km/h,0.68 mach,-1673.435,-1673.435 mm,-0.4770 °,0.000 mm,0.0000 °,201.0 m,-1.4712 °,2.173e-05,0.094,0 J,0.000 kg,RANGE
0.843 s,202.0,828.4 km/h,0.68 mach,-1699.233,-1699.233 mm,-0.4820 °,0.000 mm,0.0000 °,202.0 m,-1.4818 °,2.173e-05,0.094,0 J,0.000 kg,RANGE
0.847 s,203.0,828.1 km/h,0.68 mach,-1725.217,-1725.217 mm,-0.4869 °,0.000 mm,0.0000 °,203.0 m,-1.4924 °,2.173e-05,0.094,0 J,0.000 kg,RANGE
0.851 s,204.0,827.7 km/h,0.68 mach,-1751.386,-1751.386 mm,-0.4919 °,0.000 mm,0.0000 °,204.0 m,-1.5030 °,2.173e-05,0.094,0 J,0.000 kg,RANGE
0.856 s,205.0,827.4 km/h,0.68 mach,-1777.741,-1777.741 mm,-0.4969 °,0.000 mm,0.0000 °,205.0 m,-1.5137 °,2.173e-05,0.094,0 J,0.000 kg,RANGE
0.860 s,206.0,827.1 km/h,0.68 mach,-1804.282,-1804.282 mm,-0.5018 °,0.000 mm,0.0000 °,206.0 m,-1.5243 °,2.173e-05,0.094,0 J,0.000 kg,RANGE
0.864 s,207.0,826.7 km/h,0.67 mach,-1831.009,-1831.009 mm,-0.5068 °,0.000 mm,0.0000 °,207.0 m,-1.5350 °,2.173e-05,0.094,0 J,0.000 kg,RANGE
0.869 s,208.0,826.4 km/h,0.67 mach,-1857.922,-1857.922 mm,-0.5118 °,0.000 mm,0.0000 °,208.0 m,-1.5456 °,2.173e-05,0.094,0 J,0.000 kg,RANGE
0.873 s,209.0,826.1 km/h,0.67 mach,-1885.021,-1885.021 mm,-0.5168 °,0.000 mm,0.0000 °,209.0 m,-1.5563 °,2.173e-05,0.094,0 J,0.000 kg,RANGE
0.878 s,210.0,825.7 km/h,0.67 mach,-1912.307,-1912.307 mm,-0.5217 °,0.000 mm,0.0000 °,210.0 m,-1.5670 °,2.173e-05,0.094,0 J,0.000 kg,RANGE
0.882 s,211.0,825.4 km/h,0.67 mach,-1939.779,-1939.779 mm,-0.5267 °,0.000 mm,0.0000 °,211.0 m,-1.5777 °,2.173e-05,0.094,0 J,0.000 kg,RANGE
0.886 s,212.0,825.1 km/h,0.67 mach,-1967.438,-1967.438 mm,-0.5317 °,0.000 mm,0.0000 °,212.0 m,-1.5883 °,2.173e-05,0.094,0 J,0.000 kg,RANGE
0.891 s,213.0,824.7 km/h,0.67 mach,-1995.284,-1995.284 mm,-0.5367 °,0.000 mm,0.0000 °,213.0 m,-1.5990 °,2.173e-05,0.094,0 J,0.000 kg,RANGE
0.895 s,214.0,824.4 km/h,0.67 mach,-2023.316,-2023.316 mm,-0.5417 °,0.000 mm,0.0000 °,214.0 m,-1.6098 °,2.173e-05,0.094,0 J,0.000 kg,RANGE
0.899 s,215.0,824.1 km/h,0.67 mach,-2051.536,-2051.536 mm,-0.5467 °,0.000 mm,0.0000 °,215.0 m,-1.6205 °,2.173e-05,0.094,0 J,0.000 kg,RANGE
0.904 s,216.0,823.7 km/h,0.67 mach,-2079.944,-2079.944 mm,-0.5517 °,0.000 mm,0.0000 °,216.0 m,-1.6312 °,2.173e-05,0.094,0 J,0.000 kg,RANGE
0.908 s,217.0,823.4 km/h,0.67 mach,-2108.539,-2108.539 mm,-0.5567 °,0.000 mm,0.0000 °,217.0 m,-1.6419 °,2.173e-05,0.094,0 J,0.000 kg,RANGE
0.912 s,218.0,823.1 km/h,0.67 mach,-2137.321,-2137.321 mm,-0.5617 °,0.000 mm,0.0000 °,218.0 m,-1.6527 °,2.173e-05,0.094,0 J,0.000 kg,RANGE
0.917 s,219.0,822.7 km/h,0.67 mach,-2166.291,-2166.291 mm,-0.5667 °,0.000 mm,0.0000 °,219.0 m,-1.6634 °,2.173e-05,0.094,0 J,0.000 kg,RANGE
0.921 s,220.0,822.4 km/h,0.67 mach,-2195.45,-2195.450 mm,-0.5718 °,0.000 mm,0.0000 °,220.0 m,-1.6742 °,2.173e-05,0.094,0 J,0.000 kg,RANGE
0.926 s,221.0,822.1 km/h,0.67 mach,-2224.796,-2224.796 mm,-0.5768 °,0.000 mm,0.0000 °,221.0 m,-1.6850 °,2.173e-05,0.094,0 J,0.000 kg,RANGE
0.930 s,222.0,821.7 km/h,0.67 mach,-2254.331,-2254.331 mm,-0.5818 °,0.000 mm,0.0000 °,222.0 m,-1.6958 °,2.173e-05,0.094,0 J,0.000 kg,RANGE
0.934 s,223.0,821.4 km/h,0.67 mach,-2284.054,-2284.054 mm,-0.5868 °,0.000 mm,0.0000 °,223.0 m,-1.7066 °,2.173e-05,0.094,0 J,0.000 kg,RANGE
0.939 s,224.0,821.1 km/h,0.67 mach,-2313.965,-2313.965 mm,-0.5919 °,0.000 mm,0.0000 °,224.0 m,-1.7174 °,2.173e-05,0.094,0 J,0.000 kg,RANGE
0.943 s,225.0,820.7 km/h,0.67 mach,-2344.066,-2344.066 mm,-0.5969 °,0.000 mm,0.0000 °,225.0 m,-1.7282 °,2.173e-05,0.094,0 J,0.000 kg,RANGE
0.948 s,226.0,820.4 km/h,0.67 mach,-2374.355,-2374.355 mm,-0.6019 °,0.000 mm,0.0000 °,226.0 m,-1.7390 °,2.173e-05,0.093,0 J,0.000 kg,RANGE
0.952 s,227.0,820.1 km/h,0.67 mach,-2404.833,-2404.833 mm,-0.6070 °,0.000 mm,0.0000 °,227.0 m,-1.7498 °,2.173e-05,0.093,0 J,0.000 kg,RANGE
0.956 s,228.0,819.7 km/h,0.67 mach,-2435.501,-2435.501 mm,-0.6120 °,0.000 mm,0.0000 °,228.0 m,-1.7606 °,2.173e-05,0.093,0 J,0.000 kg,RANGE
0.961 s,229.0,819.4 km/h,0.67 mach,-2466.358,-2466.358 mm,-0.6171 °,0.000 mm,0.0000 °,229.0 m,-1.7715 °,2.173e-05,0.093,0 J,0.000 kg,RANGE
0.965 s,230.0,819.1 km/h,0.67 mach,-2497.404,-2497.404 mm,-0.6221 °,0.000 mm,0.0000 °,230.0 m,-1.7823 °,2.173e-05,0.093,0 J,0.000 kg,RANGE
0.970 s,231.0,818.7 km/h,0.67 mach,-2528.64,-2528.640 mm,-0.6272 °,0.000 mm,0.0000 °,231.0 m,-1.7932 °,2.173e-05,0.093,0 J,0.000 kg,RANGE
0.974 s,232.0,818.4 km/h,0.67 mach,-2560.066,-2560.066 mm,-0.6322 °,0.000 mm,0.0000 °,232.0 m,-1.8041 °,2.173e-05,0.093,0 J,0.000 kg,RANGE
0.978 s,233.0,818.1 km/h,0.67 mach,-2591.682,-2591.682 mm,-0.6373 °,0.000 mm,0.0000 °,233.0 m,-1.8149 °,2.173e-05,0.093,0 J,0.000 kg,RANGE
0.983 s,234.0,817.8 km/h,0.67 mach,-2623.488,-2623.488 mm,-0.6423 °,0.000 mm,0.0000 °,234.0 m,-1.8258 °,2.173e-05,0.093,0 J,0.000 kg,RANGE
0.987 s,235.0,817.4 km/h,0.67 mach,-2655.484,-2655.484 mm,-0.6474 °,0.000 mm,0.0000 °,235.0 m,-1.8367 °,2.173e-05,0.093,0 J,0.000 kg,RANGE
0.992 s,236.0,817.1 km/h,0.67 mach,-2687.671,-2687.671 mm,-0.6525 °,0.000 mm,0.0000 °,236.0 m,-1.8476 °,2.173e-05,0.093,0 J,0.000 kg,RANGE
0.996 s,237.0,816.8 km/h,0.67 mach,-2720.048,-2720.048 mm,-0.6576 °,0.000 mm,0.0000 °,237.0 m,-1.8585 °,2.173e-05,0.093,0 J,0.000 kg,RANGE
1.000 s,238.0,816.4 km/h,0.67 mach,-2752.616,-2752.616 mm,-0.6626 °,0.000 mm,0.0000 °,238.0 m,-1.8694 °,2.173e-05,0.093,0 J,0.000 kg,RANGE
1.005 s,239.0,816.1 km/h,0.67 mach,-2785.375,-2785.375 mm,-0.6677 °,0.000 mm,0.0000 °,239.0 m,-1.8804 °,2.173e-05,0.093,0 J,0.000 kg,RANGE
1.009 s,240.0,815.8 km/h,0.67 mach,-2818.325,-2818.325 mm,-0.6728 °,0.000 mm,0.0000 °,240.0 m,-1.8913 °,2.173e-05,0.093,0 J,0.000 kg,RANGE
1.014 s,241.0,815.4 km/h,0.67 mach,-2851.466,-2851.466 mm,-0.6779 °,0.000 mm,0.0000 °,241.0 m,-1.9023 °,2.173e-05,0.093,0 J,0.000 kg,RANGE
1.018 s,242.0,815.1 km/h,0.67 mach,-2884.799,-2884.799 mm,-0.6830 °,0.000 mm,0.0000 °,242.0 m,-1.9132 °,2.173e-05,0.093,0 J,0.000 kg,RANGE
1.022 s,243.0,814.8 km/h,0.67 mach,-2918.323,-2918.323 mm,-0.6881 °,0.000 mm,0.0000 °,243.0 m,-1.9242 °,2.173e-05,0.093,0 J,0.000 kg,RANGE
1.027 s,244.0,814.5 km/h,0.66 mach,-2952.039,-2952.039 mm,-0.6932 °,0.000 mm,0.0000 °,244.0 m,-1.9352 °,2.173e-05,0.093,0 J,0.000 kg,RANGE
1.031 s,245.0,814.1 km/h,0.66 mach,-2985.947,-2985.947 mm,-0.6983 °,0.000 mm,0.0000 °,245.0 m,-1.9461 °,2.173e-05,0.093,0 J,0.000 kg,RANGE
1.036 s,246.0,813.8 km/h,0.66 mach,-3020.047,-3020.047 mm,-0.7034 °,0.000 mm,0.0000 °,246.0 m,-1.9571 °,2.173e-05,0.093,0 J,0.000 kg,RANGE
1.040 s,247.0,813.5 km/h,0.66 mach,-3054.339,-3054.339 mm,-0.7085 °,0.000 mm,0.0000 °,247.0 m,-1.9681 °,2.173e-05,0.093,0 J,0.000 kg,RANGE
1.045 s,248.0,813.1 km/h,0.66 mach,-3088.823,-3088.823 mm,-0.7136 °,0.000 mm,0.0000 °,248.0 m,-1.9792 °,2.173e-05,0.093,0 J,0.000 kg,RANGE
1.049 s,249.0,812.8 km/h,0.66 mach,-3123.5,-3123.500 mm,-0.7187 °,0.000 mm,0.0000 °,249.0 m,-1.9902 °,2.173e-05,0.093,0 J,0.000 kg,RANGE
1.053 s,250.0,812.5 km/h,0.66 mach,-3158.369,-3158.369 mm,-0.7238 °,0.000 mm,0.0000 °,250.0 m,-2.0012 °,2.173e-05,0.093,0 J,0.000 kg,RANGE
1.058 s,251.0,812.2 km/h,0.66 mach,-3193.431,-3193.431 mm,-0.7289 °,0.000 mm,0.0000 °,251.0 m,-2.0122 °,2.173e-05,0.092,0 J,0.000 kg,RANGE
1.062 s,252.0,811.8 km/h,0.66 mach,-3228.686,-3228.686 mm,-0.7340 °,0.000 mm,0.0000 °,252.0 m,-2.0233 °,2.173e-05,0.092,0 J,0.000 kg,RANGE
1.067 s,253.0,811.5 km/h,0.66 mach,-3264.135,-3264.135 mm,-0.7392 °,0.000 mm,0.0000 °,253.0 m,-2.0343 °,2.173e-05,0.092,0 J,0.000 kg,RANGE
1.071 s,254.0,811.2 km/h,0.66 mach,-3299.776,-3299.776 mm,-0.7443 °,0.000 mm,0.0000 °,254.0 m,-2.0454 °,2.173e-05,0.092,0 J,0.000 kg,RANGE
1.076 s,255.0,810.8 km/h,0.66 mach,-3335.611,-3335.611 mm,-0.7494 °,0.000 mm,0.0000 °,255.0 m,-2.0565 °,2.173e-05,0.092,0 J,0.000 kg,RANGE
1.080 s,256.0,810.5 km/h,0.66 mach,-3371.64,-3371.640 mm,-0.7546 °,0.000 mm,0.0000 °,256.0 m,-2.0676 °,2.173e-05,0.092,0 J,0.000 kg,RANGE
1.084 s,257.0,810.2 km/h,0.66 mach,-3407.862,-3407.862 mm,-0.7597 °,0.000 mm,0.0000 °,257.0 m,-2.0786 °,2.173e-05,0.092,0 J,0.000 kg,RANGE
1.089 s,258.0,809.9 km/h,0.66 mach,-3444.278,-3444.278 mm,-0.7648 °,0.000 mm,0.0000 °,258.0 m,-2.0897 °,2.173e-05,0.092,0 J,0.000 kg,RANGE
1.093 s,259.0,809.5 km/h,0.66 mach,-3480.889,-3480.889 mm,-0.7700 °,0.000 mm,0.0000 °,259.0 m,-2.1008 °,2.173e-05,0.092,0 J,0.000 kg,RANGE
1.098 s,260.0,809.2 km/h,0.66 mach,-3517.693,-3517.693 mm,-0.7751 °,0.000 mm,0.0000 °,260.0 m,-2.1120 °,2.173e-05,0.092,0 J,0.000 kg,RANGE
1.102 s,261.0,808.9 km/h,0.66 mach,-3554.692,-3554.692 mm,-0.7803 °,0.000 mm,0.0000 °,261.0 m,-2.1231 °,2.173e-05,0.092,0 J,0.000 kg,RANGE
1.107 s,262.0,808.6 km/h,0.66 mach,-3591.886,-3591.886 mm,-0.7854 °,0.000 mm,0.0000 °,262.0 m,-2.1342 °,2.173e-05,0.092,0 J,0.000 kg,RANGE
1.111 s,263.0,808.2 km/h,0.66 mach,-3629.274,-3629.274 mm,-0.7906 °,0.000 mm,0.0000 °,263.0 m,-2.1454 °,2.173e-05,0.092,0 J,0.000 kg,RANGE
1.116 s,264.0,807.9 km/h,0.66 mach,-3666.857,-3666.857 mm,-0.7958 °,0.000 mm,0.0000 °,264.0 m,-2.1565 °,2.173e-05,0.092,0 J,0.000 kg,RANGE
1.120 s,265.0,807.6 km/h,0.66 mach,-3704.635,-3704.635 mm,-0.8009 °,0.000 mm,0.0000 °,265.0 m,-2.1677 °,2.173e-05,0.092,0 J,0.000 kg,RANGE
1.125 s,266.0,807.3 km/h,0.66 mach,-3742.608,-3742.608 mm,-0.8061 °,0.000 mm,0.0000 °,266.0 m,-2.1789 °,2.173e-05,0.092,0 J,0.000 kg,RANGE
1.129 s,267.0,806.9 km/h,0.66 mach,-3780.777,-3780.777 mm,-0.8113 °,0.000 mm,0.0000 °,267.0 m,-2.1900 °,2.173e-05,0.092,0 J,0.000 kg,RANGE
1.134 s,268.0,806.6 km/h,0.66 mach,-3819.141,-3819.141 mm,-0.8164 °,0.000 mm,0.0000 °,268.0 m,-2.2012 °,2.173e-05,0.092,0 J,0.000 kg,RANGE
1.138 s,269.0,806.3 km/h,0.66 mach,-3857.701,-3857.701 mm,-0.8216 °,0.000 mm,0.0000 °,269.0 m,-2.2124 °,2.173e-05,0.092,0 J,0.000 kg,RANGE
1.142 s,270.0,806.0 km/h,0.66 mach,-3896.457,-3896.457 mm,-0.8268 °,0.000 mm,0.0000 °,270.0 m,-2.2236 °,2.173e-05,0.092,0 J,0.000 kg,RANGE
1.147 s,271.0,805.6 km/h,0.66 mach,-3935.408,-3935.408 mm,-0.8320 °,0.000 mm,0.0000 °,271.0 m,-2.2348 °,2.173e-05,0.092,0 J,0.000 kg,RANGE
1.151 s,272.0,805.3 km/h,0.66 mach,-3974.556,-3974.556 mm,-0.8372 °,0.000 mm,0.0000 °,272.0 m,-2.2461 °,2.173e-05,0.092,0 J,0.000 kg,RANGE
1.156 s,273.0,805.0 km/h,0.66 mach,-4013.9,-4013.900 mm,-0.8424 °,0.000 mm,0.0000 °,273.0 m,-2.2573 °,2.173e-05,0.092,0 J,0.000 kg,RANGE
1.160 s,274.0,804.7 km/h,0.66 mach,-4053.441,-4053.441 mm,-0.8475 °,0.000 mm,0.0000 °,274.0 m,-2.2685 °,2.173e-05,0.092,0 J,0.000 kg,RANGE
1.165 s,275.0,804.3 km/h,0.66 mach,-4093.178,-4093.178 mm,-0.8527 °,0.000 mm,0.0000 °,275.0 m,-2.2798 °,2.173e-05,0.092,0 J,0.000 kg,RANGE
1.169 s,276.0,804.0 km/h,0.66 mach,-4133.112,-4133.112 mm,-0.8579 °,0.000 mm,0.0000 °,276.0 m,-2.2911 °,2.173e-05,0.092,0 J,0.000 kg,RANGE
1.174 s,277.0,803.7 km/h,0.66 mach,-4173.243,-4173.243 mm,-0.8631 °,0.000 mm,0.0000 °,277.0 m,-2.3023 °,2.173e-05,0.091,0 J,0.000 kg,RANGE
1.178 s,278.0,803.4 km/h,0.66 mach,-4213.571,-4213.571 mm,-0.8684 °,0.000 mm,0.0000 °,278.0 m,-2.3136 °,2.173e-05,0.091,0 J,0.000 kg,RANGE
1.183 s,279.0,803.1 km/h,0.66 mach,-4254.097,-4254.097 mm,-0.8736 °,0.000 mm,0.0000 °,279.0 m,-2.3249 °,2.173e-05,0.091,0 J,0.000 kg,RANGE
1.187 s,280.0,802.7 km/h,0.66 mach,-4294.82,-4294.820 mm,-0.8788 °,0.000 mm,0.0000 °,280.0 m,-2.3362 °,2.173e-05,0.091,0 J,0.000 kg,RANGE
1.192 s,281.0,802.4 km/h,0.65 mach,-4335.74,-4335.740 mm,-0.8840 °,0.000 mm,0.0000 °,281.0 m,-2.3475 °,2.173e-05,0.091,0 J,0.000 kg,RANGE
1.196 s,282.0,802.1 km/h,0.65 mach,-4376.858,-4376.858 mm,-0.8892 °,0.000 mm,0.0000 °,282.0 m,-2.3588 °,2.173e-05,0.091,0 J,0.000 kg,RANGE
1.201 s,283.0,801.8 km/h,0.65 mach,-4418.174,-4418.174 mm,-0.8944 °,0.000 mm,0.0000 °,283.0 m,-2.3701 °,2.173e-05,0.091,0 J,0.000 kg,RANGE
1.205 s,284.0,801.4 km/h,0.65 mach,-4459.689,-4459.689 mm,-0.8996 °,0.000 mm,0.0000 °,284.0 m,-2.3815 °,2.173e-05,0.091,0 J,0.000 kg,RANGE
1.210 s,285.0,801.1 km/h,0.65 mach,-4501.401,-4501.401 mm,-0.9049 °,0.000 mm,0.0000 °,285.0 m,-2.3928 °,2.173e-05,0.091,0 J,0.000 kg,RANGE
1.214 s,286.0,800.8 km/h,0.65 mach,-4543.312,-4543.312 mm,-0.9101 °,0.000 mm,0.0000 °,286.0 m,-2.4042 °,2.173e-05,0.091,0 J,0.000 kg,RANGE
1.219 s,287.0,800.5 km/h,0.65 mach,-4585.421,-4585.421 mm,-0.9153 °,0.000 mm,0.0000 °,287.0 m,-2.4155 °,2.173e-05,0.091,0 J,0.000 kg,RANGE
1.223 s,288.0,800.2 km/h,0.65 mach,-4627.73,-4627.730 mm,-0.9206 °,0.000 mm,0.0000 °,288.0 m,-2.4269 °,2.173e-05,0.091,0 J,0.000 kg,RANGE
1.228 s,289.0,799.8 km/h,0.65 mach,-4670.237,-4670.237 mm,-0.9258 °,0.000 mm,0.0000 °,289.0 m,-2.4383 °,2.173e-05,0.091,0 J,0.000 kg,RANGE
1.232 s,290.0,799.5 km/h,0.65 mach,-4712.943,-4712.943 mm,-0.9311 °,0.000 mm,0.0000 °,290.0 m,-2.4497 °,2.173e-05,0.091,0 J,0.000 kg,RANGE
1.237 s,291.0,799.2 km/h,0.65 mach,-4755.848,-4755.848 mm,-0.9363 °,0.000 mm,0.0000 °,291.0 m,-2.4611 °,2.173e-05,0.091,0 J,0.000 kg,RANGE
1.241 s,292.0,798.9 km/h,0.65 mach,-4798.953,-4798.953 mm,-0.9416 °,0.000 mm,0.0000 °,292.0 m,-2.4725 °,2.173e-05,0.091,0 J,0.000 kg,RANGE
1.246 s,293.0,798.5 km/h,0.65 mach,-4842.258,-4842.258 mm,-0.9468 °,0.000 mm,0.0000 °,293.0 m,-2.4839 °,2.173e-05,0.091,0 J,0.000 kg,RANGE
1.250 s,294.0,798.2 km/h,0.65 mach,-4885.762,-4885.762 mm,-0.9521 °,0.000 mm,0.0000 °,294.0 m,-2.4953 °,2.173e-05,0.091,0 J,0.000 kg,RANGE
1.255 s,295.0,797.9 km/h,0.65 mach,-4929.466,-4929.466 mm,-0.9573 °,0.000 mm,0.0000 °,295.0 m,-2.5068 °,2.173e-05,0.091,0 J,0.000 kg,RANGE
1.259 s,296.0,797.6 km/h,0.65 mach,-4973.37,-4973.370 mm,-0.9626 °,0.000 mm,0.0000 °,296.0 m,-2.5182 °,2.173e-05,0.091,0 J,0.000 kg,RANGE
1.264 s,297.0,797.3 km/h,0.65 mach,-5017.474,-5017.474 mm,-0.9679 °,0.000 mm,0.0000 °,297.0 m,-2.5296 °,2.173e-05,0.091,0 J,0.000 kg,RANGE
1.268 s,298.0,796.9 km/h,0.65 mach,-5061.779,-5061.779 mm,-0.9731 °,0.000 mm,0.0000 °,298.0 m,-2.5411 °,2.173e-05,0.091,0 J,0.000 kg,RANGE
1.273 s,299.0,796.6 km/h,0.65 mach,-5106.284,-5106.284 mm,-0.9784 °,0.000 mm,0.0000 °,299.0 m,-2.5526 °,2.173e-05,0.091,0 J,0.000 kg,RANGE
1.277 s,300.0,796.3 km/h,0.65 mach,-5150.99,-5150.990 mm,-0.9837 °,0.000 mm,0.0000 °,300.0 m,-2.5641 °,2.173e-05,0.091,0 J,0.000 kg,RANGE
1.282 s,301.0,796.0 km/h,0.65 mach,-5195.897,-5195.897 mm,-0.9889 °,0.000 mm,0.0000 °,301.0 m,-2.5756 °,2.173e-05,0.091,0 J,0.000 kg,RANGE
1.286 s,302.0,795.7 km/h,0.65 mach,-5241.005,-5241.005 mm,-0.9942 °,0.000 mm,0.0000 °,302.0 m,-2.5871 °,2.173e-05,0.091,0 J,0.000 kg,RANGE
1.291 s,303.0,795.3 km/h,0.65 mach,-5286.314,-5286.314 mm,-0.9995 °,0.000 mm,0.0000 °,303.0 m,-2.5986 °,2.173e-05,0.090,0 J,0.000 kg,RANGE
1.296 s,304.0,795.0 km/h,0.65 mach,-5331.824,-5331.824 mm,-1.0048 °,0.000 mm,0.0000 °,304.0 m,-2.6101 °,2.173e-05,0.090,0 J,0.000 kg,RANGE
1.300 s,305.0,794.7 km/h,0.65 mach,-5377.536,-5377.536 mm,-1.0101 °,0.000 mm,0.0000 °,305.0 m,-2.6216 °,2.173e-05,0.090,0 J,0.000 kg,RANGE
1.305 s,306.0,794.4 km/h,0.65 mach,-5423.449,-5423.449 mm,-1.0154 °,0.000 mm,0.0000 °,306.0 m,-2.6331 °,2.173e-05,0.090,0 J,0.000 kg,RANGE
1.309 s,307.0,794.1 km/h,0.65 mach,-5469.565,-5469.565 mm,-1.0207 °,0.000 mm,0.0000 °,307.0 m,-2.6447 °,2.173e-05,0.090,0 J,0.000 kg,RANGE
1.314 s,308.0,793.8 km/h,0.65 mach,-5515.883,-5515.883 mm,-1.0260 °,0.000 mm,0.0000 °,308.0 m,-2.6562 °,2.173e-05,0.090,0 J,0.000 kg,RANGE
1.318 s,309.0,793.4 km/h,0.65 mach,-5562.402,-5562.402 mm,-1.0313 °,0.000 mm,0.0000 °,309.0 m,-2.6678 °,2.173e-05,0.090,0 J,0.000 kg,RANGE
1.323 s,310.0,793.1 km/h,0.65 mach,-5609.124,-5609.124 mm,-1.0366 °,0.000 mm,0.0000 °,310.0 m,-2.6794 °,2.173e-05,0.090,0 J,0.000 kg,RANGE
1.327 s,311.0,792.8 km/h,0.65 mach,-5656.049,-5656.049 mm,-1.0419 °,0.000 mm,0.0000 °,311.0 m,-2.6910 °,2.173e-05,0.090,0 J,0.000 kg,RANGE
1.332 s,312.0,792.5 km/h,0.65 mach,-5703.176,-5703.176 mm,-1.0472 °,0.000 mm,0.0000 °,312.0 m,-2.7025 °,2.173e-05,0.090,0 J,0.000 kg,RANGE
1.336 s,313.0,792.2 km/h,0.65 mach,-5750.506,-5750.506 mm,-1.0525 °,0.000 mm,0.0000 °,313.0 m,-2.7141 °,2.173e-05,0.090,0 J,0.000 kg,RANGE
1.341 s,314.0,791.9 km/h,0.65 mach,-5798.04,-5798.040 mm,-1.0579 °,0.000 mm,0.0000 °,314.0 m,-2.7258 °,2.173e-05,0.090,0 J,0.000 kg,RANGE
1.345 s,315.0,791.5 km/h,0.65 mach,-5845.776,-5845.776 mm,-1.0632 °,0.000 mm,0.0000 °,315.0 m,-2.7374 °,2.173e-05,0.090,0 J,0.000 kg,RANGE
1.350 s,316.0,791.2 km/h,0.65 mach,-5893.716,-5893.716 mm,-1.0685 °,0.000 mm,0.0000 °,316.0 m,-2.7490 °,2.173e-05,0.090,0 J,0.000 kg,RANGE
1.355 s,317.0,790.9 km/h,0.65 mach,-5941.859,-5941.859 mm,-1.0738 °,0.000 mm,0.0000 °,317.0 m,-2.7606 °,2.173e-05,0.090,0 J,0.000 kg,RANGE
1.359 s,318.0,790.6 km/h,0.65 mach,-5990.206,-5990.206 mm,-1.0792 °,0.000 mm,0.0000 °,318.0 m,-2.7723 °,2.173e-05,0.090,0 J,0.000 kg,RANGE
1.364 s,319.0,790.3 km/h,0.65 mach,-6038.757,-6038.757 mm,-1.0845 °,0.000 mm,0.0000 °,319.0 m,-2.7839 °,2.173e-05,0.090,0 J,0.000 kg,RANGE
1.368 s,320.0,790.0 km/h,0.64 mach,-6087.511,-6087.511 mm,-1.0898 °,0.000 mm,0.0000 °,320.0 m,-2.7956 °,2.173e-05,0.090,0 J,0.000 kg,RANGE
1.373 s,321.0,789.6 km/h,0.64 mach,-6136.471,-6136.471 mm,-1.0952 °,0.000 mm,0.0000 °,321.0 m,-2.8073 °,2.173e-05,0.090,0 J,0.000 kg,RANGE
1.377 s,322.0,789.3 km/h,0.64 mach,-6185.634,-6185.634 mm,-1.1005 °,0.000 mm,0.0000 °,322.0 m,-2.8190 °,2.173e-05,0.090,0 J,0.000 kg,RANGE
1.382 s,323.0,789.0 km/h,0.64 mach,-6235.002,-6235.002 mm,-1.1059 °,0.000 mm,0.0000 °,323.0 m,-2.8307 °,2.173e-05,0.090,0 J,0.000 kg,RANGE
1.387 s,324.0,788.7 km/h,0.64 mach,-6284.574,-6284.574 mm,-1.1112 °,0.000 mm,0.0000 °,324.0 m,-2.8424 °,2.173e-05,0.090,0 J,0.000 kg,RANGE
1.391 s,325.0,788.4 km/h,0.64 mach,-6334.352,-6334.352 mm,-1.1166 °,0.000 mm,0.0000 °,325.0 m,-2.8541 °,2.173e-05,0.090,0 J,0.000 kg,RANGE
1.396 s,326.0,788.1 km/h,0.64 mach,-6384.334,-6384.334 mm,-1.1219 °,0.000 mm,0.0000 °,326.0 m,-2.8658 °,2.173e-05,0.090,0 J,0.000 kg,RANGE
1.400 s,327.0,787.7 km/h,0.64 mach,-6434.522,-6434.522 mm,-1.1273 °,0.000 mm,0.0000 °,327.0 m,-2.8775 °,2.173e-05,0.090,0 J,0.000 kg,RANGE
1.405 s,328.0,787.4 km/h,0.64 mach,-6484.915,-6484.915 mm,-1.1327 °,0.000 mm,0.0000 °,328.0 m,-2.8893 °,2.173e-05,0.090,0 J,0.000 kg,RANGE
1.409 s,329.0,787.1 km/h,0.64 mach,-6535.514,-6535.514 mm,-1.1380 °,0.000 mm,0.0000 °,329.0 m,-2.9010 °,2.173e-05,0.090,0 J,0.000 kg,RANGE
1.414 s,330.0,786.8 km/h,0.64 mach,-6586.318,-6586.318 mm,-1.1434 °,0.000 mm,0.0000 °,330.0 m,-2.9128 °,2.173e-05,0.089,0 J,0.000 kg,RANGE
1.419 s,331.0,786.5 km/h,0.64 mach,-6637.328,-6637.328 mm,-1.1488 °,0.000 mm,0.0000 °,331.0 m,-2.9246 °,2.173e-05,0.089,0 J,0.000 kg,RANGE
1.423 s,332.0,786.2 km/h,0.64 mach,-6688.545,-6688.545 mm,-1.1541 °,0.000 mm,0.0000 °,332.0 m,-2.9363 °,2.173e-05,0.089,0 J,0.000 kg,RANGE
1.428 s,333.0,785.9 km/h,0.64 mach,-6739.967,-6739.967 mm,-1.1595 °,0.000 mm,0.0000 °,333.0 m,-2.9481 °,2.173e-05,0.089,0 J,0.000 kg,RANGE
1.432 s,334.0,785.5 km/h,0.64 mach,-6791.596,-6791.596 mm,-1.1649 °,0.000 mm,0.0000 °,334.0 m,-2.9599 °,2.173e-05,0.089,0 J,0.000 kg,RANGE
1.437 s,335.0,785.2 km/h,0.64 mach,-6843.431,-6843.431 mm,-1.1703 °,0.000 mm,0.0000 °,335.0 m,-2.9717 °,2.173e-05,0.089,0 J,0.000 kg,RANGE
1.442 s,336.0,784.9 km/h,0.64 mach,-6895.474,-6895.474 mm,-1.1757 °,0.000 mm,0.0000 °,336.0 m,-2.9835 °,2.173e-05,0.089,0 J,0.000 kg,RANGE
1.446 s,337.0,784.6 km/h,0.64 mach,-6947.723,-6947.723 mm,-1.1811 °,0.000 mm,0.0000 °,337.0 m,-2.9954 °,2.173e-05,0.089,0 J,0.000 kg,RANGE
1.451 s,338.0,784.3 km/h,0.64 mach,-7000.179,-7000.179 mm,-1.1865 °,0.000 mm,0.0000 °,338.0 m,-3.0072 °,2.173e-05,0.089,0 J,0.000 kg,RANGE
1.455 s,339.0,784.0 km/h,0.64 mach,-7052.842,-7052.842 mm,-1.1919 °,0.000 mm,0.0000 °,339.0 m,-3.0190 °,2.173e-05,0.089,0 J,0.000 kg,RANGE
1.460 s,340.0,783.7 km/h,0.64 mach,-7105.713,-7105.713 mm,-1.1973 °,0.000 mm,0.0000 °,340.0 m,-3.0309 °,2.173e-05,0.089,0 J,0.000 kg,RANGE
1.465 s,341.0,783.4 km/h,0.64 mach,-7158.791,-7158.791 mm,-1.2027 °,0.000 mm,0.0000 °,341.0 m,-3.0428 °,2.173e-05,0.089,0 J,0.000 kg,RANGE
1.469 s,342.0,783.0 km/h,0.64 mach,-7212.077,-7212.077 mm,-1.2081 °,0.000 mm,0.0000 °,342.0 m,-3.0546 °,2.173e-05,0.089,0 J,0.000 kg,RANGE
1.474 s,343.0,782.7 km/h,0.64 mach,-7265.571,-7265.571 mm,-1.2135 °,0.000 mm,0.0000 °,343.0 m,-3.0665 °,2.173e-05,0.089,0 J,0.000 kg,RANGE
1.478 s,344.0,782.4 km/h,0.64 mach,-7319.273,-7319.273 mm,-1.2189 °,0.000 mm,0.0000 °,344.0 m,-3.0784 °,2.173e-05,0.089,0 J,0.000 kg,RANGE
1.483 s,345.0,782.1 km/h,0.64 mach,-7373.183,-7373.183 mm,-1.2243 °,0.000 mm,0.0000 °,345.0 m,-3.0903 °,2.173e-05,0.089,0 J,0.000 kg,RANGE
1.488 s,346.0,781.8 km/h,0.64 mach,-7427.302,-7427.302 mm,-1.2297 °,0.000 mm,0.0000 °,346.0 m,-3.1022 °,2.173e-05,0.089,0 J,0.000 kg,RANGE
1.492 s,347.0,781.5 km/h,0.64 mach,-7481.629,-7481.629 mm,-1.2352 °,0.000 mm,0.0000 °,347.0 m,-3.1141 °,2.173e-05,0.089,0 J,0.000 kg,RANGE
1.497 s,348.0,781.2 km/h,0.64 mach,-7536.165,-7536.165 mm,-1.2406 °,0.000 mm,0.0000 °,348.0 m,-3.1261 °,2.173e-05,0.089,0 J,0.000 kg,RANGE
1.501 s,349.0,780.9 km/h,0.64 mach,-7590.91,-7590.910 mm,-1.2460 °,0.000 mm,0.0000 °,349.0 m,-3.1380 °,2.173e-05,0.089,0 J,0.000 kg,RANGE
1.506 s,350.0,780.6 km/h,0.64 mach,-7645.864,-7645.864 mm,-1.2514 °,0.000 mm,0.0000 °,350.0 m,-3.1500 °,2.173e-05,0.089,0 J,0.000 kg,RANGE
1.511 s,351.0,780.2 km/h,0.64 mach,-7701.028,-7701.028 mm,-1.2569 °,0.000 mm,0.0000 °,351.0 m,-3.1619 °,2.173e-05,0.089,0 J,0.000 kg,RANGE
1.515 s,352.0,779.9 km/h,0.64 mach,-7756.4,-7756.400 mm,-1.2623 °,0.000 mm,0.0000 °,352.0 m,-3.1739 °,2.173e-05,0.089,0 J,0.000 kg,RANGE
1.520 s,353.0,779.6 km/h,0.64 mach,-7811.983,-7811.983 mm,-1.2678 °,0.000 mm,0.0000 °,353.0 m,-3.1859 °,2.173e-05,0.089,0 J,0.000 kg,RANGE
1.525 s,354.0,779.3 km/h,0.64 mach,-7867.775,-7867.775 mm,-1.2732 °,0.000 mm,0.0000 °,354.0 m,-3.1978 °,2.173e-05,0.089,0 J,0.000 kg,RANGE
1.529 s,355.0,779.0 km/h,0.64 mach,-7923.777,-7923.777 mm,-1.2787 °,0.000 mm,0.0000 °,355.0 m,-3.2098 °,2.173e-05,0.089,0 J,0.000 kg,RANGE
1.534 s,356.0,778.7 km/h,0.64 mach,-7979.99,-7979.990 mm,-1.2841 °,0.000 mm,0.0000 °,356.0 m,-3.2218 °,2.173e-05,0.089,0 J,0.000 kg,RANGE
1.538 s,357.0,778.4 km/h,0.64 mach,-8036.412,-8036.412 mm,-1.2896 °,0.000 mm,0.0000 °,357.0 m,-3.2339 °,2.173e-05,0.088,0 J,0.000 kg,RANGE
1.543 s,358.0,778.1 km/h,0.64 mach,-8093.045,-8093.045 mm,-1.2950 °,0.000 mm,0.0000 °,358.0 m,-3.2459 °,2.173e-05,0.088,0 J,0.000 kg,RANGE
1.548 s,359.0,777.8 km/h,0.63 mach,-8149.889,-8149.889 mm,-1.3005 °,0.000 mm,0.0000 °,359.0 m,-3.2579 °,2.173e-05,0.088,0 J,0.000 kg,RANGE
1.552 s,360.0,777.4 km/h,0.63 mach,-8206.944,-8206.944 mm,-1.3059 °,0.000 mm,0.0000 °,360.0 m,-3.2700 °,2.173e-05,0.088,0 J,0.000 kg,RANGE
1.557 s,361.0,777.1 km/h,0.63 mach,-8264.209,-8264.209 mm,-1.3114 °,0.000 mm,0.0000 °,361.0 m,-3.2820 °,2.173e-05,0.088,0 J,0.000 kg,RANGE
1.562 s,362.0,776.8 km/h,0.63 mach,-8321.686,-8321.686 mm,-1.3169 °,0.000 mm,0.0000 °,362.0 m,-3.2941 °,2.173e-05,0.088,0 J,0.000 kg,RANGE
1.566 s,363.0,776.5 km/h,0.63 mach,-8379.374,-8379.374 mm,-1.3224 °,0.000 mm,0.0000 °,363.0 m,-3.3062 °,2.173e-05,0.088,0 J,0.000 kg,RANGE
1.571 s,364.0,776.2 km/h,0.63 mach,-8437.274,-8437.274 mm,-1.3278 °,0.000 mm,0.0000 °,364.0 m,-3.3182 °,2.173e-05,0.088,0 J,0.000 kg,RANGE
1.576 s,365.0,775.9 km/h,0.63 mach,-8495.385,-8495.385 mm,-1.3333 °,0.000 mm,0.0000 °,365.0 m,-3.3303 °,2.173e-05,0.088,0 J,0.000 kg,RANGE
1.580 s,366.0,775.6 km/h,0.63 mach,-8553.708,-8553.708 mm,-1.3388 °,0.000 mm,0.0000 °,366.0 m,-3.3424 °,2.173e-05,0.088,0 J,0.000 kg,RANGE
1.585 s,367.0,775.3 km/h,0.63 mach,-8612.244,-8612.244 mm,-1.3443 °,0.000 mm,0.0000 °,367.0 m,-3.3545 °,2.173e-05,0.088,0 J,0.000 kg,RANGE
1.589 s,368.0,775.0 km/h,0.63 mach,-8670.991,-8670.991 mm,-1.3498 °,0.000 mm,0.0000 °,368.0 m,-3.3667 °,2.173e-05,0.088,0 J,0.000 kg,RANGE
1.594 s,369.0,774.7 km/h,0.63 mach,-8729.951,-8729.951 mm,-1.3553 °,0.000 mm,0.0000 °,369.0 m,-3.3788 °,2.173e-05,0.088,0 J,0.000 kg,RANGE
1.599 s,370.0,774.4 km/h,0.63 mach,-8789.123,-8789.123 mm,-1.3608 °,0.000 mm,0.0000 °,370.0 m,-3.3909 °,2.173e-05,0.088,0 J,0.000 kg,RANGE
1.603 s,371.0,774.1 km/h,0.63 mach,-8848.508,-8848.508 mm,-1.3663 °,0.000 mm,0.0000 °,371.0 m,-3.4031 °,2.173e-05,0.088,0 J,0.000 kg,RANGE
1.608 s,372.0,773.7 km/h,0.63 mach,-8908.107,-8908.107 mm,-1.3718 °,0.000 mm,0.0000 °,372.0 m,-3.4152 °,2.173e-05,0.088,0 J,0.000 kg,RANGE
1.613 s,373.0,773.4 km/h,0.63 mach,-8967.918,-8967.918 mm,-1.3773 °,0.000 mm,0.0000 °,373.0 m,-3.4274 °,2.173e-05,0.088,0 J,0.000 kg,RANGE
1.617 s,374.0,773.1 km/h,0.63 mach,-9027.942,-9027.942 mm,-1.3828 °,0.000 mm,0.0000 °,374.0 m,-3.4396 °,2.173e-05,0.088,0 J,0.000 kg,RANGE
1.622 s,375.0,772.8 km/h,0.63 mach,-9088.18,-9088.180 mm,-1.3883 °,0.000 mm,0.0000 °,375.0 m,-3.4518 °,2.173e-05,0.088,0 J,0.000 kg,RANGE
1.627 s,376.0,772.5 km/h,0.63 mach,-9148.631,-9148.631 mm,-1.3938 °,0.000 mm,0.0000 °,376.0 m,-3.4640 °,9.005e-04,0.088,0 J,0.000 kg,RANGE
1.631 s,377.0,772.2 km/h,0.63 mach,-9209.297,-9209.297 mm,-1.3993 °,0.000 mm,0.0000 °,377.0 m,-3.4762 °,9.063e-04,0.088,0 J,0.000 kg,RANGE
1.636 s,378.0,771.9 km/h,0.63 mach,-9270.176,-9270.176 mm,-1.4049 °,0.000 mm,0.0000 °,378.0 m,-3.4884 °,9.121e-04,0.088,0 J,0.000 kg,RANGE
1.641 s,379.0,771.6 km/h,0.63 mach,-9331.269,-9331.269 mm,-1.4104 °,0.000 mm,0.0000 °,379.0 m,-3.5006 °,9.180e-04,0.088,0 J,0.000 kg,RANGE
1.645 s,380.0,771.3 km/h,0.63 mach,-9392.577,-9392.577 mm,-1.4159 °,0.000 mm,0.0000 °,380.0 m,-3.5129 °,9.239e-04,0.088,0 J,0.000 kg,RANGE
1.650 s,381.0,771.0 km/h,0.63 mach,-9454.099,-9454.099 mm,-1.4214 °,0.000 mm,0.0000 °,381.0 m,-3.5251 °,9.298e-04,0.088,0 J,0.000 kg,RANGE
1.655 s,382.0,770.7 km/h,0.63 mach,-9515.836,-9515.836 mm,-1.4270 °,0.000 mm,0.0000 °,382.0 m,-3.5374 °,9.357e-04,0.088,0 J,0.000 kg,RANGE
1.659 s,383.0,770.4 km/h,0.63 mach,-9577.787,-9577.787 mm,-1.4325 °,0.000 mm,0.0000 °,383.0 m,-3.5496 °,9.416e-04,0.088,0 J,0.000 kg,RANGE
1.664 s,384.0,770.1 km/h,0.63 mach,-9639.954,-9639.954 mm,-1.4381 °,0.000 mm,0.0000 °,384.0 m,-3.5619 °,9.476e-04,0.088,0 J,0.000 kg,RANGE
1.669 s,385.0,769.8 km/h,0.63 mach,-9702.336,-9702.336 mm,-1.4436 °,0.000 mm,0.0000 °,385.0 m,-3.5742 °,9.536e-04,0.088,0 J,0.000 kg,RANGE
1.674 s,386.0,769.5 km/h,0.63 mach,-9764.933,-9764.933 mm,-1.4491 °,0.000 mm,0.0000 °,386.0 m,-3.5865 °,9.596e-04,0.088,0 J,0.000 kg,RANGE
1.678 s,387.0,769.2 km/h,0.63 mach,-9827.746,-9827.746 mm,-1.4547 °,0.000 mm,0.0000 °,387.0 m,-3.5988 °,9.656e-04,0.087,0 J,0.000 kg,RANGE
1.683 s,388.0,768.8 km/h,0.63 mach,-9890.774,-9890.774 mm,-1.4602 °,0.000 mm,0.0000 °,388.0 m,-3.6111 °,9.717e-04,0.087,0 J,0.000 kg,RANGE
1.688 s,389.0,768.5 km/h,0.63 mach,-9954.019,-9954.019 mm,-1.4658 °,0.000 mm,0.0000 °,389.0 m,-3.6234 °,9.777e-04,0.087,0 J,0.000 kg,RANGE
1.692 s,390.0,768.2 km/h,0.63 mach,-10017.479,-10017.479 mm,-1.4714 °,0.000 mm,0.0000 °,390.0 m,-3.6358 °,9.853e-04,0.087,0 J,0.000 kg,RANGE
1.697 s,391.0,767.9 km/h,0.63 mach,-10081.156,-10081.156 mm,-1.4769 °,0.000 mm,0.0000 °,391.0 m,-3.6481 °,9.914e-04,0.087,0 J,0.000 kg,RANGE
1.702 s,392.0,767.6 km/h,0.63 mach,-10145.049,-10145.049 mm,-1.4825 °,0.000 mm,0.0000 °,392.0 m,-3.6605 °,9.976e-04,0.087,0 J,0.000 kg,RANGE
1.706 s,393.0,767.3 km/h,0.63 mach,-10209.159,-10209.159 mm,-1.4881 °,0.000 mm,0.0000 °,393.0 m,-3.6728 °,1.004e-03,0.087,0 J,0.000 kg,RANGE
1.711 s,394.0,767.0 km/h,0.63 mach,-10273.486,-10273.486 mm,-1.4936 °,0.000 mm,0.0000 °,394.0 m,-3.6852 °,1.010e-03,0.087,0 J,0.000 kg,RANGE
1.716 s,395.0,766.7 km/h,0.63 mach,-10338.03,-10338.030 mm,-1.4992 °,0.000 mm,0.0000 °,395.0 m,-3.6976 °,1.016e-03,0.087,0 J,0.000 kg,RANGE
1.721 s,396.0,766.4 km/h,0.63 mach,-10402.791,-10402.791 mm,-1.5048 °,0.000 mm,0.0000 °,396.0 m,-3.7100 °,1.022e-03,0.087,0 J,0.000 kg,RANGE
1.725 s,397.0,766.1 km/h,0.63 mach,-10467.769,-10467.769 mm,-1.5104 °,0.000 mm,0.0000 °,397.0 m,-3.7224 °,1.029e-03,0.087,0 J,0.000 kg,RANGE
1.730 s,398.0,765.8 km/h,0.63 mach,-10532.964,-10532.964 mm,-1.5160 °,0.000 mm,0.0000 °,398.0 m,-3.7348 °,1.035e-03,0.087,0 J,0.000 kg,RANGE
1.735 s,399.0,765.5 km/h,0.62 mach,-10598.378,-10598.378 mm,-1.5216 °,0.000 mm,0.0000 °,399.0 m,-3.7472 °,1.041e-03,0.087,0 J,0.000 kg,RANGE
1.739 s,400.0,765.2 km/h,0.62 mach,-10664.009,-10664.009 mm,-1.5271 °,0.000 mm,0.0000 °,400.0 m,-3.7597 °,1.047e-03,0.087,0 J,0.000 kg,RANGE
1.744 s,401.0,764.9 km/h,0.62 mach,-10729.858,-10729.858 mm,-1.5327 °,0.000 mm,0.0000 °,401.0 m,-3.7721 °,1.054e-03,0.087,0 J,0.000 kg,RANGE
1.749 s,402.0,764.6 km/h,0.62 mach,-10795.925,-10795.925 mm,-1.5383 °,0.000 mm,0.0000 °,402.0 m,-3.7846 °,1.060e-03,0.087,0 J,0.000 kg,RANGE
1.754 s,403.0,764.3 km/h,0.62 mach,-10862.211,-10862.211 mm,-1.5439 °,0.000 mm,0.0000 °,403.0 m,-3.7970 °,1.066e-03,0.087,0 J,0.000 kg,RANGE
1.758 s,404.0,764.0 km/h,0.62 mach,-10928.716,-10928.716 mm,-1.5495 °,0.000 mm,0.0000 °,404.0 m,-3.8095 °,1.073e-03,0.087,0 J,0.000 kg,RANGE
1.763 s,405.0,763.7 km/h,0.62 mach,-10995.439,-10995.439 mm,-1.5552 °,0.000 mm,0.0000 °,405.0 m,-3.8220 °,1.079e-03,0.087,0 J,0.000 kg,RANGE
1.768 s,406.0,763.4 km/h,0.62 mach,-11062.381,-11062.381 mm,-1.5608 °,0.000 mm,0.0000 °,406.0 m,-3.8345 °,1.086e-03,0.087,0 J,0.000 kg,RANGE
1.772 s,407.0,763.1 km/h,0.62 mach,-11129.542,-11129.542 mm,-1.5664 °,0.000 mm,0.0000 °,407.0 m,-3.8470 °,1.092e-03,0.087,0 J,0.000 kg,RANGE
1.777 s,408.0,762.8 km/h,0.62 mach,-11196.922,-11196.922 mm,-1.5720 °,0.000 mm,0.0000 °,408.0 m,-3.8595 °,1.098e-03,0.087,0 J,0.000 kg,RANGE
1.782 s,409.0,762.5 km/h,0.62 mach,-11264.522,-11264.522 mm,-1.5776 °,0.000 mm,0.0000 °,409.0 m,-3.8720 °,1.105e-03,0.087,0 J,0.000 kg,RANGE
1.787 s,410.0,762.2 km/h,0.62 mach,-11332.342,-11332.342 mm,-1.5832 °,0.000 mm,0.0000 °,410.0 m,-3.8845 °,1.111e-03,0.087,0 J,0.000 kg,RANGE
1.791 s,411.0,761.9 km/h,0.62 mach,-11400.381,-11400.381 mm,-1.5889 °,0.000 mm,0.0000 °,411.0 m,-3.8971 °,1.118e-03,0.087,0 J,0.000 kg,RANGE
1.796 s,412.0,761.6 km/h,0.62 mach,-11468.641,-11468.641 mm,-1.5945 °,0.000 mm,0.0000 °,412.0 m,-3.9096 °,1.125e-03,0.087,0 J,0.000 kg,RANGE
1.801 s,413.0,761.3 km/h,0.62 mach,-11537.12,-11537.120 mm,-1.6001 °,0.000 mm,0.0000 °,413.0 m,-3.9222 °,1.131e-03,0.087,0 J,0.000 kg,RANGE
1.806 s,414.0,761.0 km/h,0.62 mach,-11605.821,-11605.821 mm,-1.6058 °,0.000 mm,0.0000 °,414.0 m,-3.9348 °,1.138e-03,0.087,0 J,0.000 kg,RANGE
1.810 s,415.0,760.7 km/h,0.62 mach,-11674.741,-11674.741 mm,-1.6114 °,0.000 mm,0.0000 °,415.0 m,-3.9473 °,1.144e-03,0.086,0 J,0.000 kg,RANGE
1.815 s,416.0,760.4 km/h,0.62 mach,-11743.882,-11743.882 mm,-1.6171 °,0.000 mm,0.0000 °,416.0 m,-3.9599 °,1.151e-03,0.086,0 J,0.000 kg,RANGE
1.820 s,417.0,760.1 km/h,0.62 mach,-11813.245,-11813.245 mm,-1.6227 °,0.000 mm,0.0000 °,417.0 m,-3.9725 °,1.158e-03,0.086,0 J,0.000 kg,RANGE
1.825 s,418.0,759.8 km/h,0.62 mach,-11882.828,-11882.828 mm,-1.6284 °,0.000 mm,0.0000 °,418.0 m,-3.9851 °,1.164e-03,0.086,0 J,0.000 kg,RANGE
1.829 s,419.0,759.5 km/h,0.62 mach,-11952.633,-11952.633 mm,-1.6340 °,0.000 mm,0.0000 °,419.0 m,-3.9978 °,1.171e-03,0.086,0 J,0.000 kg,RANGE
1.834 s,420.0,759.2 km/h,0.62 mach,-12022.659,-12022.659 mm,-1.6397 °,0.000 mm,0.0000 °,420.0 m,-4.0104 °,1.178e-03,0.086,0 J,0.000 kg,RANGE
1.839 s,421.0,758.9 km/h,0.62 mach,-12092.906,-12092.906 mm,-1.6453 °,0.000 mm,0.0000 °,421.0 m,-4.0230 °,1.184e-03,0.086,0 J,0.000 kg,RANGE
1.844 s,422.0,758.6 km/h,0.62 mach,-12163.376,-12163.376 mm,-1.6510 °,0.000 mm,0.0000 °,422.0 m,-4.0357 °,1.191e-03,0.086,0 J,0.000 kg,RANGE
1.848 s,423.0,758.3 km/h,0.62 mach,-12234.068,-12234.068 mm,-1.6567 °,0.000 mm,0.0000 °,423.0 m,-4.0484 °,1.198e-03,0.086,0 J,0.000 kg,RANGE
1.853 s,424.0,758.0 km/h,0.62 mach,-12304.981,-12304.981 mm,-1.6623 °,0.000 mm,0.0000 °,424.0 m,-4.0610 °,1.205e-03,0.086,0 J,0.000 kg,RANGE
1.858 s,425.0,757.7 km/h,0.62 mach,-12376.117,-12376.117 mm,-1.6680 °,0.000 mm,0.0000 °,425.0 m,-4.0737 °,1.212e-03,0.086,0 J,0.000 kg,RANGE
1.863 s,426.0,757.4 km/h,0.62 mach,-12447.476,-12447.476 mm,-1.6737 °,0.000 mm,0.0000 °,426.0 m,-4.0864 °,1.218e-03,0.086,0 J,0.000 kg,RANGE
1.867 s,427.0,757.1 km/h,0.62 mach,-12519.058,-12519.058 mm,-1.6794 °,0.000 mm,0.0000 °,427.0 m,-4.0991 °,1.225e-03,0.086,0 J,0.000 kg,RANGE
1.872 s,428.0,756.8 km/h,0.62 mach,-12590.862,-12590.862 mm,-1.6850 °,0.000 mm,0.0000 °,428.0 m,-4.1118 °,1.232e-03,0.086,0 J,0.000 kg,RANGE
1.877 s,429.0,756.5 km/h,0.62 mach,-12662.889,-12662.889 mm,-1.6907 °,0.000 mm,0.0000 °,429.0 m,-4.1245 °,1.239e-03,0.086,0 J,0.000 kg,RANGE
1.882 s,430.0,756.2 km/h,0.62 mach,-12735.14,-12735.140 mm,-1.6964 °,0.000 mm,0.0000 °,430.0 m,-4.1373 °,1.246e-03,0.086,0 J,0.000 kg,RANGE
1.886 s,431.0,755.9 km/h,0.62 mach,-12807.614,-12807.614 mm,-1.7021 °,0.000 mm,0.0000 °,431.0 m,-4.1500 °,1.253e-03,0.086,0 J,0.000 kg,RANGE
1.891 s,432.0,755.6 km/h,0.62 mach,-12880.312,-12880.312 mm,-1.7078 °,0.000 mm,0.0000 °,432.0 m,-4.1628 °,1.260e-03,0.086,0 J,0.000 kg,RANGE
1.896 s,433.0,755.3 km/h,0.62 mach,-12953.234,-12953.234 mm,-1.7135 °,0.000 mm,0.0000 °,433.0 m,-4.1755 °,1.267e-03,0.086,0 J,0.000 kg,RANGE
1.901 s,434.0,755.0 km/h,0.62 mach,-13026.38,-13026.380 mm,-1.7192 °,0.000 mm,0.0000 °,434.0 m,-4.1883 °,1.274e-03,0.086,0 J,0.000 kg,RANGE
1.906 s,435.0,754.7 km/h,0.62 mach,-13099.75,-13099.750 mm,-1.7249 °,0.000 mm,0.0000 °,435.0 m,-4.2011 °,1.281e-03,0.086,0 J,0.000 kg,RANGE
1.910 s,436.0,754.4 km/h,0.62 mach,-13173.344,-13173.344 mm,-1.7306 °,0.000 mm,0.0000 °,436.0 m,-4.2139 °,1.288e-03,0.086,0 J,0.000 kg,RANGE
1.915 s,437.0,754.1 km/h,0.62 mach,-13247.163,-13247.163 mm,-1.7363 °,0.000 mm,0.0000 °,437.0 m,-4.2267 °,1.295e-03,0.086,0 J,0.000 kg,RANGE
1.920 s,438.0,753.8 km/h,0.62 mach,-13321.207,-13321.207 mm,-1.7420 °,0.000 mm,0.0000 °,438.0 m,-4.2395 °,1.302e-03,0.086,0 J,0.000 kg,RANGE
1.925 s,439.0,753.5 km/h,0.61 mach,-13395.475,-13395.475 mm,-1.7478 °,0.000 mm,0.0000 °,439.0 m,-4.2523 °,1.309e-03,0.086,0 J,0.000 kg,RANGE
1.930 s,440.0,753.2 km/h,0.61 mach,-13469.969,-13469.969 mm,-1.7535 °,0.000 mm,0.0000 °,440.0 m,-4.2651 °,1.316e-03,0.086,0 J,0.000 kg,RANGE
1.934 s,441.0,752.9 km/h,0.61 mach,-13544.688,-13544.688 mm,-1.7592 °,0.000 mm,0.0000 °,441.0 m,-4.2780 °,1.324e-03,0.086,0 J,0.000 kg,RANGE
1.939 s,442.0,752.6 km/h,0.61 mach,-13619.632,-13619.632 mm,-1.7649 °,0.000 mm,0.0000 °,442.0 m,-4.2908 °,1.331e-03,0.086,0 J,0.000 kg,RANGE
1.944 s,443.0,752.3 km/h,0.61 mach,-13694.803,-13694.803 mm,-1.7707 °,0.000 mm,0.0000 °,443.0 m,-4.3037 °,1.338e-03,0.086,0 J,0.000 kg,RANGE
1.949 s,444.0,752.0 km/h,0.61 mach,-13770.199,-13770.199 mm,-1.7764 °,0.000 mm,0.0000 °,444.0 m,-4.3166 °,1.345e-03,0.085,0 J,0.000 kg,RANGE
1.954 s,445.0,751.7 km/h,0.61 mach,-13845.821,-13845.821 mm,-1.7821 °,0.000 mm,0.0000 °,445.0 m,-4.3294 °,1.352e-03,0.085,0 J,0.000 kg,RANGE
1.958 s,446.0,751.4 km/h,0.61 mach,-13921.669,-13921.669 mm,-1.7879 °,0.000 mm,0.0000 °,446.0 m,-4.3423 °,1.360e-03,0.085,0 J,0.000 kg,RANGE
1.963 s,447.0,751.1 km/h,0.61 mach,-13997.744,-13997.744 mm,-1.7936 °,0.000 mm,0.0000 °,447.0 m,-4.3552 °,1.367e-03,0.085,0 J,0.000 kg,RANGE
1.968 s,448.0,750.8 km/h,0.61 mach,-14074.046,-14074.046 mm,-1.7994 °,0.000 mm,0.0000 °,448.0 m,-4.3681 °,1.374e-03,0.085,0 J,0.000 kg,RANGE
1.973 s,449.0,750.5 km/h,0.61 mach,-14150.574,-14150.574 mm,-1.8051 °,0.000 mm,0.0000 °,449.0 m,-4.3811 °,1.382e-03,0.085,0 J,0.000 kg,RANGE
1.978 s,450.0,750.3 km/h,0.61 mach,-14227.329,-14227.329 mm,-1.8109 °,0.000 mm,0.0000 °,450.0 m,-4.3940 °,1.389e-03,0.085,0 J,0.000 kg,RANGE
1.982 s,451.0,750.0 km/h,0.61 mach,-14304.311,-14304.311 mm,-1.8166 °,0.000 mm,0.0000 °,451.0 m,-4.4069 °,1.396e-03,0.085,0 J,0.000 kg,RANGE
1.987 s,452.0,749.7 km/h,0.61 mach,-14381.521,-14381.521 mm,-1.8224 °,0.000 mm,0.0000 °,452.0 m,-4.4199 °,1.404e-03,0.085,0 J,0.000 kg,RANGE
1.992 s,453.0,749.4 km/h,0.61 mach,-14458.958,-14458.958 mm,-1.8282 °,0.000 mm,0.0000 °,453.0 m,-4.4329 °,1.411e-03,0.085,0 J,0.000 kg,RANGE
1.997 s,454.0,749.1 km/h,0.61 mach,-14536.624,-14536.624 mm,-1.8339 °,0.000 mm,0.0000 °,454.0 m,-4.4458 °,1.419e-03,0.085,0 J,0.000 kg,RANGE
2.002 s,455.0,748.8 km/h,0.61 mach,-14614.516,-14614.516 mm,-1.8397 °,0.000 mm,0.0000 °,455.0 m,-4.4588 °,1.426e-03,0.085,0 J,0.000 kg,RANGE
2.006 s,456.0,748.5 km/h,0.61 mach,-14692.637,-14692.637 mm,-1.8455 °,0.000 mm,0.0000 °,456.0 m,-4.4718 °,1.434e-03,0.085,0 J,0.000 kg,RANGE
2.011 s,457.0,748.2 km/h,0.61 mach,-14770.987,-14770.987 mm,-1.8512 °,0.000 mm,0.0000 °,457.0 m,-4.4848 °,1.441e-03,0.085,0 J,0.000 kg,RANGE
2.016 s,458.0,747.9 km/h,0.61 mach,-14849.565,-14849.565 mm,-1.8570 °,0.000 mm,0.0000 °,458.0 m,-4.4978 °,1.449e-03,0.085,0 J,0.000 kg,RANGE
2.021 s,459.0,747.6 km/h,0.61 mach,-14928.371,-14928.371 mm,-1.8628 °,0.000 mm,0.0000 °,459.0 m,-4.5109 °,1.456e-03,0.085,0 J,0.000 kg,RANGE
2.026 s,460.0,747.3 km/h,0.61 mach,-15007.406,-15007.406 mm,-1.8686 °,0.000 mm,0.0000 °,460.0 m,-4.5239 °,1.464e-03,0.085,0 J,0.000 kg,RANGE
2.031 s,461.0,747.0 km/h,0.61 mach,-15086.671,-15086.671 mm,-1.8744 °,0.000 mm,0.0000 °,461.0 m,-4.5369 °,1.471e-03,0.085,0 J,0.000 kg,RANGE
2.035 s,462.0,746.7 km/h,0.61 mach,-15166.164,-15166.164 mm,-1.8802 °,0.000 mm,0.0000 °,462.0 m,-4.5500 °,1.479e-03,0.085,0 J,0.000 kg,RANGE
2.040 s,463.0,746.4 km/h,0.61 mach,-15245.887,-15245.887 mm,-1.8860 °,0.000 mm,0.0000 °,463.0 m,-4.5631 °,1.487e-03,0.085,0 J,0.000 kg,RANGE
2.045 s,464.0,746.1 km/h,0.61 mach,-15325.84,-15325.840 mm,-1.8918 °,0.000 mm,0.0000 °,464.0 m,-4.5761 °,1.494e-03,0.085,0 J,0.000 kg,RANGE
2.050 s,465.0,745.8 km/h,0.61 mach,-15406.022,-15406.022 mm,-1.8976 °,0.000 mm,0.0000 °,465.0 m,-4.5892 °,1.502e-03,0.085,0 J,0.000 kg,RANGE
2.055 s,466.0,745.6 km/h,0.61 mach,-15486.435,-15486.435 mm,-1.9034 °,0.000 mm,0.0000 °,466.0 m,-4.6023 °,1.510e-03,0.085,0 J,0.000 kg,RANGE
2.060 s,467.0,745.3 km/h,0.61 mach,-15567.077,-15567.077 mm,-1.9092 °,0.000 mm,0.0000 °,467.0 m,-4.6154 °,1.517e-03,0.085,0 J,0.000 kg,RANGE
2.064 s,468.0,745.0 km/h,0.61 mach,-15647.95,-15647.950 mm,-1.9150 °,0.000 mm,0.0000 °,468.0 m,-4.6285 °,1.525e-03,0.085,0 J,0.000 kg,RANGE
2.069 s,469.0,744.7 km/h,0.61 mach,-15729.054,-15729.054 mm,-1.9208 °,0.000 mm,0.0000 °,469.0 m,-4.6417 °,1.533e-03,0.085,0 J,0.000 kg,RANGE
2.074 s,470.0,744.4 km/h,0.61 mach,-15810.388,-15810.388 mm,-1.9267 °,0.000 mm,0.0000 °,470.0 m,-4.6548 °,1.541e-03,0.085,0 J,0.000 kg,RANGE
2.079 s,471.0,744.1 km/h,0.61 mach,-15891.953,-15891.953 mm,-1.9325 °,0.000 mm,0.0000 °,471.0 m,-4.6680 °,1.549e-03,0.085,0 J,0.000 kg,RANGE
2.084 s,472.0,743.8 km/h,0.61 mach,-15973.75,-15973.750 mm,-1.9383 °,0.000 mm,0.0000 °,472.0 m,-4.6811 °,1.556e-03,0.085,0 J,0.000 kg,RANGE
2.089 s,473.0,743.5 km/h,0.61 mach,-16055.777,-16055.777 mm,-1.9441 °,0.000 mm,0.0000 °,473.0 m,-4.6943 °,1.564e-03,0.085,0 J,0.000 kg,RANGE
2.094 s,474.0,743.2 km/h,0.61 mach,-16138.036,-16138.036 mm,-1.9500 °,0.000 mm,0.0000 °,474.0 m,-4.7075 °,1.572e-03,0.084,0 J,0.000 kg,RANGE
2.098 s,475.0,742.9 km/h,0.61 mach,-16220.527,-16220.527 mm,-1.9558 °,0.000 mm,0.0000 °,475.0 m,-4.7207 °,1.580e-03,0.084,0 J,0.000 kg,RANGE
2.103 s,476.0,742.6 km/h,0.61 mach,-16303.25,-16303.250 mm,-1.9616 °,0.000 mm,0.0000 °,476.0 m,-4.7339 °,1.588e-03,0.084,0 J,0.000 kg,RANGE
2.108 s,477.0,742.3 km/h,0.61 mach,-16386.205,-16386.205 mm,-1.9675 °,0.000 mm,0.0000 °,477.0 m,-4.7471 °,1.596e-03,0.084,0 J,0.000 kg,RANGE
2.113 s,478.0,742.1 km/h,0.61 mach,-16469.392,-16469.392 mm,-1.9733 °,0.000 mm,0.0000 °,478.0 m,-4.7603 °,1.604e-03,0.084,0 J,0.000 kg,RANGE
2.118 s,479.0,741.8 km/h,0.61 mach,-16552.811,-16552.811 mm,-1.9792 °,0.000 mm,0.0000 °,479.0 m,-4.7735 °,1.614e-03,0.084,0 J,0.000 kg,RANGE
2.123 s,480.0,741.5 km/h,0.61 mach,-16636.463,-16636.463 mm,-1.9850 °,0.000 mm,0.0000 °,480.0 m,-4.7868 °,1.622e-03,0.084,0 J,0.000 kg,RANGE
2.128 s,481.0,741.2 km/h,0.60 mach,-16720.348,-16720.348 mm,-1.9909 °,0.000 mm,0.0000 °,481.0 m,-4.8000 °,1.630e-03,0.084,0 J,0.000 kg,RANGE
2.133 s,482.0,740.9 km/h,0.60 mach,-16804.467,-16804.467 mm,-1.9968 °,0.000 mm,0.0000 °,482.0 m,-4.8133 °,1.638e-03,0.084,0 J,0.000 kg,RANGE
2.137 s,483.0,740.6 km/h,0.60 mach,-16888.818,-16888.818 mm,-2.0026 °,0.000 mm,0.0000 °,483.0 m,-4.8265 °,1.646e-03,0.084,0 J,0.000 kg,RANGE
2.142 s,484.0,740.3 km/h,0.60 mach,-16973.403,-16973.403 mm,-2.0085 °,0.000 mm,0.0000 °,484.0 m,-4.8398 °,1.654e-03,0.084,0 J,0.000 kg,RANGE
2.147 s,485.0,740.0 km/h,0.60 mach,-17058.221,-17058.221 mm,-2.0144 °,0.000 mm,0.0000 °,485.0 m,-4.8531 °,1.662e-03,0.084,0 J,0.000 kg,RANGE
2.152 s,486.0,739.7 km/h,0.60 mach,-17143.273,-17143.273 mm,-2.0202 °,0.000 mm,0.0000 °,486.0 m,-4.8664 °,1.670e-03,0.084,0 J,0.000 kg,RANGE
2.157 s,487.0,739.4 km/h,0.60 mach,-17228.56,-17228.560 mm,-2.0261 °,0.000 mm,0.0000 °,487.0 m,-4.8797 °,1.679e-03,0.084,0 J,0.000 kg,RANGE
2.162 s,488.0,739.2 km/h,0.60 mach,-17314.08,-17314.080 mm,-2.0320 °,0.000 mm,0.0000 °,488.0 m,-4.8931 °,1.687e-03,0.084,0 J,0.000 kg,RANGE
2.167 s,489.0,738.9 km/h,0.60 mach,-17399.835,-17399.835 mm,-2.0379 °,0.000 mm,0.0000 °,489.0 m,-4.9064 °,1.695e-03,0.084,0 J,0.000 kg,RANGE
2.172 s,490.0,738.6 km/h,0.60 mach,-17485.824,-17485.824 mm,-2.0438 °,0.000 mm,0.0000 °,490.0 m,-4.9197 °,1.703e-03,0.084,0 J,0.000 kg,RANGE
2.177 s,491.0,738.3 km/h,0.60 mach,-17572.048,-17572.048 mm,-2.0496 °,0.000 mm,0.0000 °,491.0 m,-4.9331 °,1.712e-03,0.084,0 J,0.000 kg,RANGE
2.181 s,492.0,738.0 km/h,0.60 mach,-17658.507,-17658.507 mm,-2.0555 °,0.000 mm,0.0000 °,492.0 m,-4.9465 °,1.720e-03,0.084,0 J,0.000 kg,RANGE
2.186 s,493.0,737.7 km/h,0.60 mach,-17745.201,-17745.201 mm,-2.0614 °,0.000 mm,0.0000 °,493.0 m,-4.9598 °,1.728e-03,0.084,0 J,0.000 kg,RANGE
2.191 s,494.0,737.4 km/h,0.60 mach,-17832.131,-17832.131 mm,-2.0673 °,0.000 mm,0.0000 °,494.0 m,-4.9732 °,1.736e-03,0.084,0 J,0.000 kg,RANGE
2.196 s,495.0,737.1 km/h,0.60 mach,-17919.296,-17919.296 mm,-2.0732 °,0.000 mm,0.0000 °,495.0 m,-4.9866 °,1.745e-03,0.084,0 J,0.000 kg,RANGE
2.201 s,496.0,736.9 km/h,0.60 mach,-18006.696,-18006.696 mm,-2.0791 °,0.000 mm,0.0000 °,496.0 m,-5.0000 °,1.753e-03,0.084,0 J,0.000 kg,RANGE
2.206 s,497.0,736.6 km/h,0.60 mach,-18094.333,-18094.333 mm,-2.0851 °,0.000 mm,0.0000 °,497.0 m,-5.0135 °,1.762e-03,0.084,0 J,0.000 kg,RANGE
2.211 s,498.0,736.3 km/h,0.60 mach,-18182.206,-18182.206 mm,-2.0910 °,0.000 mm,0.0000 °,498.0 m,-5.0269 °,1.770e-03,0.084,0 J,0.000 kg,RANGE
2.216 s,499.0,736.0 km/h,0.60 mach,-18270.315,-18270.315 mm,-2.0969 °,0.000 mm,0.0000 °,499.0 m,-5.0403 °,1.778e-03,0.084,0 J,0.000 kg,RANGE
2.221 s,500.0,735.7 km/h,0.60 mach,-18358.661,-18358.661 mm,-2.1028 °,0.000 mm,0.0000 °,500.0 m,-5.0538 °,1.787e-03,0.084,0 J,0.000 kg,RANGE
